char,family,speed,n_boot,converged_rate,mu_median,mu_lo95,mu_hi95,lambda_median,lambda_lo95,lambda_hi95,sigma_median,sigma_lo95,sigma_hi95
あ,blur,300,400,1.0,48.32088,35.47667,57.0628,1.0,0.89078,1.0,12.32463,0.52766,18.02985
あ,blur,500,400,1.0,42.62912,23.64382,53.85379,1.0,0.88692,1.0,13.74067,6.88509,22.90043
あ,blur,pooled,400,1.0,45.81953,34.7655,53.58178,1.0,0.97554,1.0,13.71217,9.26279,19.53889
あ,fade,300,400,1.0,1.17076,0.8228,1.73058,1.0,0.97718,1.0,0.4331,0.0996,0.73459
あ,fade,500,400,1.0,1.40356,0.85551,2.06197,1.0,0.92808,1.0,0.59943,0.0996,1.44604
あ,fade,pooled,400,1.0,1.29407,0.91949,1.72829,1.0,0.94603,1.0,0.51094,0.0996,0.87981
あ,reveal,300,400,1.0,1.03179,0.66088,1.35631,1.0,1.0,1.0,0.36039,0.20347,0.666
あ,reveal,500,400,1.0,1.79214,0.55647,3.36393,1.0,0.75883,1.0,0.90052,0.0999,1.70633
あ,reveal,pooled,400,1.0,1.28737,0.72024,2.14201,1.0,0.88673,1.0,0.51002,0.1472,1.23699
あ,wipe,300,400,1.0,20.23508,5.62546,37.12161,1.0,0.76917,1.0,9.94788,0.0995,22.04827
あ,wipe,500,400,1.0,25.24133,13.3924,41.8579,1.0,1.0,1.0,12.15282,4.5207,26.88111
あ,wipe,pooled,400,1.0,23.49128,16.08407,34.14424,1.0,1.0,1.0,11.68395,6.73047,20.28621
か,blur,300,400,1.0,47.58918,34.66362,56.10203,1.0,1.0,1.0,9.19075,0.38786,14.63542
か,blur,500,400,1.0,43.51628,32.65047,52.6448,1.0,1.0,1.0,9.39779,4.96335,14.06986
か,blur,pooled,400,1.0,45.61796,37.96646,52.03572,1.0,1.0,1.0,9.7409,6.60559,13.03771
か,fade,300,400,1.0,1.65758,0.88974,3.82338,1.0,0.85011,1.0,1.33382,0.0996,3.01004
か,fade,500,400,1.0,1.44493,0.87611,2.67446,0.97553,0.90554,1.0,0.57204,0.24939,2.36849
か,fade,pooled,400,1.0,1.47517,1.08209,2.62618,0.96642,0.89134,1.0,0.53485,0.19973,2.23604
か,reveal,300,400,1.0,1.62697,0.92429,3.02797,1.0,0.87502,1.0,0.43108,0.0999,1.19774
か,reveal,500,400,1.0,1.48859,0.80321,2.22804,1.0,1.0,1.0,0.59412,0.33683,0.9196
か,reveal,pooled,400,1.0,1.62149,0.96962,2.30901,1.0,0.93322,1.0,0.58326,0.21715,0.98502
か,wipe,300,400,1.0,44.76966,13.91658,96.12116,0.91449,0.63463,1.0,9.23371,0.0995,13.56119
か,wipe,500,400,1.0,32.79608,23.52597,91.15331,1.0,1.0,1.0,5.80767,0.0995,10.17196
か,wipe,pooled,400,1.0,37.31779,25.64316,72.58453,0.94085,0.78362,1.0,7.61999,0.0995,12.75079
が,blur,300,400,1.0,51.43733,34.258,63.91935,1.0,1.0,1.0,13.39567,7.19329,23.85725
が,blur,500,400,1.0,61.34256,48.90782,69.22432,1.0,0.80943,1.0,12.10999,0.378,34.89852
が,blur,pooled,400,1.0,56.51303,45.27504,63.97165,1.0,0.9424,1.0,13.81218,7.14769,23.05276
が,fade,300,400,1.0,1.87907,1.49267,2.18492,1.0,1.0,1.0,0.20707,0.0996,0.35995
が,fade,500,400,1.0,1.93649,1.48032,3.70867,0.94229,0.82251,1.0,0.19582,0.0996,1.5546
が,fade,pooled,400,1.0,1.85571,1.55305,2.46047,0.96022,0.90104,1.0,0.19208,0.0996,0.59275
が,reveal,300,400,1.0,4.09768,1.9417,10.03372,0.88771,0.61084,1.0,0.79555,0.0999,3.19823
が,reveal,500,400,1.0,1.91047,1.02536,3.35213,1.0,0.8387,1.0,0.28625,0.0999,1.07871
が,reveal,pooled,400,1.0,3.16936,1.26876,5.0228,0.89878,0.6931,1.0,0.82769,0.0999,1.7089
が,wipe,300,400,1.0,67.22065,30.75581,97.27608,1.0,1.0,1.0,0.0995,0.0995,0.0995
が,wipe,500,400,1.0,66.64442,30.07941,97.48458,1.0,1.0,1.0,0.0995,0.0995,0.0995
が,wipe,pooled,400,1.0,64.03214,31.34648,97.32737,1.0,1.0,1.0,0.0995,0.0995,0.0995
ぱ,blur,300,400,1.0,66.78211,45.3446,80.56209,1.0,0.60891,1.0,11.65347,0.43144,19.3049
ぱ,blur,500,400,1.0,67.17096,48.05817,82.81855,1.0,1.0,1.0,16.21281,7.22409,27.87526
ぱ,blur,pooled,400,1.0,68.03944,56.79339,77.6359,1.0,0.83434,1.0,15.16637,10.01445,21.7422
ぱ,fade,300,400,1.0,3.30537,2.13306,4.69323,1.0,0.89376,1.0,0.77697,0.0996,1.3876
ぱ,fade,500,400,1.0,2.31703,1.17041,3.40692,0.95572,0.74685,1.0,0.66241,0.0996,1.27351
ぱ,fade,pooled,400,1.0,2.71227,2.14784,3.50177,0.96493,0.88682,1.0,0.72884,0.44393,1.16306
ぱ,reveal,300,400,1.0,6.09095,1.04544,12.1175,0.8888,0.57622,1.0,2.19725,0.0999,4.46249
ぱ,reveal,500,400,1.0,2.2253,1.99979,3.04975,0.95418,0.84505,1.0,0.0999,0.0999,0.70184
ぱ,reveal,pooled,400,1.0,3.43987,2.13694,5.1241,0.87219,0.74142,1.0,0.92324,0.37382,1.48171
ぱ,wipe,300,400,1.0,63.40668,29.99083,98.56347,1.0,0.625,1.0,0.0995,0.0995,20.74915
ぱ,wipe,500,400,1.0,63.2715,30.16572,97.45412,1.0,1.0,1.0,0.0995,0.0995,0.0995
ぱ,wipe,pooled,400,1.0,58.74122,29.64067,99.13037,0.9375,0.76471,1.0,0.0995,0.0995,0.98555
し,blur,300,400,1.0,37.39885,31.19405,42.55305,1.0,0.95998,1.0,5.72245,0.074,9.33364
し,blur,500,400,1.0,26.80923,25.95143,37.86813,0.93003,0.77535,1.0,0.55495,0.074,7.48048
し,blur,pooled,400,1.0,33.65664,26.9393,39.06386,0.96486,0.87351,1.0,4.88901,0.074,8.4905
し,fade,300,400,1.0,1.26237,0.91334,1.89448,0.98199,0.93763,1.0,0.21018,0.0996,0.99767
し,fade,500,400,1.0,1.51862,1.10237,2.03161,1.0,1.0,1.0,0.49385,0.0996,0.79842
し,fade,pooled,400,1.0,1.3989,1.07001,1.81055,1.0,0.95512,1.0,0.40209,0.11379,0.79021
し,reveal,300,400,1.0,1.02958,0.51562,1.63911,1.0,0.97707,1.0,0.58069,0.18389,1.03975
し,reveal,500,400,1.0,1.44243,0.64172,2.1368,0.95396,0.83206,1.0,0.45232,0.0999,0.75465
し,reveal,pooled,400,1.0,1.23435,0.69478,1.62388,0.97745,0.9065,1.0,0.53764,0.2152,0.82143
し,wipe,300,400,1.0,19.82811,12.79403,34.70961,1.0,1.0,1.0,7.02199,0.30455,12.58769
し,wipe,500,400,1.0,14.63198,8.15112,22.73788,1.0,1.0,1.0,7.71361,3.97731,14.86874
し,wipe,pooled,400,1.0,17.2565,12.89246,22.57482,1.0,1.0,1.0,7.6757,4.75159,11.92329
つ,blur,300,400,1.0,35.26229,19.53178,45.23025,1.0,1.0,1.0,10.0761,5.3332,16.47405
つ,blur,500,400,1.0,29.00207,16.31392,38.4605,1.0,1.0,1.0,8.52646,0.57,13.48744
つ,blur,pooled,400,1.0,31.65787,21.81224,38.35404,1.0,1.0,1.0,10.05878,7.09787,14.12676
つ,fade,300,400,1.0,1.39191,-0.77824,2.50535,1.0,0.95668,1.0,1.76087,0.33418,4.92797
つ,fade,500,400,1.0,1.58755,0.56608,2.73331,1.0,1.0,1.0,1.1771,0.5194,2.04706
つ,fade,pooled,400,1.0,1.52607,0.55913,2.24917,1.0,0.98277,1.0,1.50828,0.72973,2.65748
つ,reveal,300,400,1.0,2.13906,1.03108,3.41725,1.0,0.949,1.0,1.09722,0.2444,1.66469
つ,reveal,500,400,1.0,1.07044,0.59212,1.55734,1.0,0.97477,1.0,0.36713,0.0999,0.61263
つ,reveal,pooled,400,1.0,1.44056,0.93379,2.22489,1.0,0.92134,1.0,0.6739,0.28467,1.20743
つ,wipe,300,400,1.0,22.05069,13.4156,38.10633,0.88574,0.53823,1.0,4.01885,0.0995,9.49168
つ,wipe,500,400,1.0,38.6528,7.73593,54.94378,1.0,0.47807,1.0,14.11166,0.20785,22.34369
つ,wipe,pooled,400,1.0,29.88779,8.51611,53.40585,0.93503,0.57133,1.0,9.49357,0.23562,18.93944
ま,blur,300,400,1.0,44.65023,32.5186,53.87199,1.0,1.0,1.0,11.19212,6.63407,18.35084
ま,blur,500,400,1.0,43.86569,34.36956,53.27459,1.0,0.89583,1.0,7.87281,0.46312,12.70102
ま,blur,pooled,400,1.0,44.74358,38.60945,51.42099,1.0,1.0,1.0,10.12703,7.1747,13.24957
ま,fade,300,400,1.0,1.51008,0.99982,2.50142,0.97699,0.91407,1.0,0.45004,0.0996,2.1038
ま,fade,500,400,1.0,1.29625,0.89832,3.15346,0.91415,0.76158,1.0,0.27642,0.0996,6.03494
ま,fade,pooled,400,1.0,1.33659,1.05901,1.87406,0.93292,0.84399,1.0,0.35856,0.0996,0.82631
ま,reveal,300,400,1.0,3.59219,2.00928,5.37752,1.0,0.96665,1.0,0.92795,0.0999,1.36267
ま,reveal,500,400,1.0,1.22892,0.76143,1.76877,1.0,1.0,1.0,0.53206,0.2612,0.87299
ま,reveal,pooled,400,1.0,2.32154,1.39823,3.31052,1.0,0.91868,1.0,1.01543,0.34083,1.56064
ま,wipe,300,400,1.0,3.89637,3.00466,8.40789,0.96552,0.88889,1.0,0.0995,0.0995,4.06657
ま,wipe,500,400,1.0,4.16535,3.93292,6.10884,0.97059,0.89646,1.0,0.0995,0.0995,0.10121
ま,wipe,pooled,400,1.0,3.96844,3.85572,4.51767,0.95455,0.88885,1.0,0.0995,0.0995,1.04784
ら,blur,300,400,1.0,49.60696,35.52285,57.88102,1.0,1.0,1.0,9.7305,0.38514,16.33723
ら,blur,500,400,1.0,46.61223,33.7013,56.06618,1.0,1.0,1.0,10.43956,2.9866,16.34241
ら,blur,pooled,400,1.0,47.84859,38.47508,53.98027,1.0,1.0,1.0,10.3528,5.83328,14.24231
ら,fade,300,400,1.0,1.96127,1.52993,2.36717,1.0,1.0,1.0,0.32567,0.0996,0.51825
ら,fade,500,400,1.0,1.41858,1.13836,1.58858,1.0,1.0,1.0,0.0996,0.0996,0.48972
ら,fade,pooled,400,1.0,1.68182,1.40752,1.98054,1.0,1.0,1.0,0.35229,0.19865,0.5226
ら,reveal,300,400,1.0,1.14442,0.5365,3.17834,0.88773,0.64948,1.0,0.45607,0.0999,1.98905
ら,reveal,500,400,1.0,1.06552,0.64552,1.61568,0.95885,0.85871,1.0,0.24491,0.0999,0.49859
ら,reveal,pooled,400,1.0,0.9738,0.67567,1.69368,0.88854,0.78736,1.0,0.24714,0.0999,0.79443
ら,wipe,300,400,1.0,23.42823,17.0358,25.40465,0.91667,0.75,1.0,0.30884,0.0995,5.5997
ら,wipe,500,400,1.0,25.11671,18.17832,36.41429,0.83334,0.5,1.0,0.54773,0.0995,8.2905
ら,wipe,pooled,400,1.0,24.77646,19.80575,25.73438,0.875,0.71429,1.0,0.52869,0.0995,6.24184
