p,ti,tgt,resp,ok,fam,gate,pct,fil,chk,rt,base,acts
A,1,れ,れ,1,,60,,1,,1804,,
A,2,ゆ,い,0,,60,,1,,1441,,
A,3,ぱ,ぱ,1,,80,,0,,1920,,
A,4,が,が,1,,150,,0,,1905,,
A,5,げ,け,0,,40,,1,,1353,,
A,6,か,か,1,,150,,0,,1306,,
A,7,し,す,0,,20,,0,,2614,,
A,8,ざ,ざ,1,,220,,1,,1621,,
A,9,ぬ,う,0,,20,,1,,1650,,
A,10,し,し,1,,150,,0,,1338,,
A,11,が,が,1,,80,,0,,1593,,
A,12,ら,ら,1,,,,0,full,1499,,
A,13,そ,ふ,0,,20,,1,,2416,,
A,14,が,が,1,,40,,0,,1787,,
A,15,わ,わ,1,,40,,1,,2014,,
A,16,ね,ね,1,,110,,1,,1562,,
A,17,ら,な,0,,80,,0,,1398,,
A,18,こ,こ,1,,40,,1,,1457,,
A,19,ま,ま,1,,40,,0,,1623,,
A,20,つ,つ,1,,220,,0,,1260,,
A,21,え,え,1,,220,,1,,1486,,
A,22,ら,な,0,,40,,0,,1456,,
A,23,あ,あ,1,,40,,0,,1338,,
A,24,も,お,0,,150,,1,,6362,,
A,25,ら,ら,1,,110,,0,,1952,,
A,26,か,ぱ,0,,20,,0,,2074,,
A,27,し,し,1,,80,,0,,1039,,
A,28,が,が,1,,110,,0,,1817,,
A,29,つ,つ,1,,60,,0,,1458,,
A,30,ま,ま,1,,80,,0,,1323,,
A,31,か,か,1,,40,,0,,1773,,
A,32,ね,ほ,0,,20,,1,,2446,,
A,33,が,が,1,,60,,0,,1548,,
A,34,つ,つ,1,,20,,0,floor,2058,,
A,35,な,な,1,,110,,1,,1412,,
A,36,あ,あ,1,,20,,0,floor,1322,,
A,37,か,か,1,,80,,0,,1204,,
A,38,ぱ,ぱ,1,,60,,0,,1591,,
A,39,か,か,1,,110,,0,,1489,,
A,40,し,し,1,,20,,0,floor,1876,,
A,41,え,え,1,,80,,1,,1396,,
A,42,が,が,1,,220,,0,,2267,,
A,43,ぱ,ぱ,1,,150,,0,,1593,,
A,44,ら,な,0,,60,,0,,1338,,
A,45,が,が,1,,,,0,full,1471,,
A,46,あ,あ,1,,60,,0,,1697,,
A,47,が,が,1,,20,,0,floor,2044,,
A,48,ら,ら,1,,,,0,full,1743,,
A,49,る,う,0,,40,,1,,2027,,
A,50,し,し,1,,110,,0,,2823,,
A,51,つ,つ,1,,80,,0,,1380,,
A,52,し,し,1,,60,,0,,1098,,
A,53,ま,ま,1,,60,,0,,1215,,
A,54,け,き,0,,40,,1,,1578,,
A,55,ら,ほ,0,,20,,0,,1774,,
A,56,ら,ら,1,,150,,0,,1622,,
A,57,ま,ま,1,,110,,0,,1443,,
A,58,へ,へ,1,,150,,1,,1324,,
A,59,か,か,1,,60,,0,,1335,,
A,60,ぱ,ぱ,1,,220,,0,,1577,,
A,61,ぱ,ぱ,1,,110,,0,,1354,,
A,62,ぎ,ぎ,1,,220,,1,,1787,,
A,63,と,ど,0,,80,,1,,2432,,
A,64,ぱ,ぷ,0,,20,,0,,3197,,
A,65,が,が,1,,20,,0,,1548,,
A,66,つ,ち,0,,40,,0,,1922,,
A,67,ま,ふ,0,,20,,0,,2553,,
A,68,ら,ら,1,,,,0,full,1620,,
A,69,き,き,1,,150,,1,,1294,,
A,70,ら,ら,1,,220,,0,,1653,,
A,71,ろ,ろ,1,,60,,1,,1519,,
A,72,し,し,1,,40,,0,,2043,,
A,73,あ,あ,1,,110,,0,,1245,,
A,74,ん,ん,1,,60,,1,,1877,,
A,75,ぱ,ぱ,1,,40,,0,,1624,,
A,76,あ,あ,1,,80,,0,,1501,,
A,77,つ,ち,0,,20,,0,,1967,,
A,78,あ,あ,1,,220,,0,,1216,,
A,79,ざ,い,0,,20,,1,,1399,,
A,80,そ,す,0,,80,,1,,1757,,
A,81,ま,ま,1,,150,,0,,1324,,
A,82,ま,ま,1,,220,,0,,1321,,
A,83,か,か,1,,220,,0,,1426,,
A,84,が,が,1,,20,,0,floor,1892,,
A,85,あ,あ,1,,150,,0,,1278,,
A,86,か,か,1,,,,0,full,1263,,
A,87,と,と,1,,220,,1,,1308,,
A,88,し,し,1,,220,,0,,1321,,
A,89,ほ,ほ,1,,150,,1,,1564,,
A,90,あ,あ,1,,20,,0,,1264,,
A,91,は,は,1,,110,,1,,1202,,
A,92,つ,つ,1,,150,,0,,1235,,
A,93,で,で,1,,220,,1,,2495,,
A,94,つ,つ,1,,110,,0,,1287,,
B,1,あ,あ,1,blur,,50,0,,1032,600,0.488
B,2,り,り,1,fade,,50,1,,1261,600,0.489
B,3,へ,へ,1,reveal,,70,1,,1966,600,0.689
B,4,か,か,1,wipe,,100,0,,1337,600,1
B,5,が,が,1,fade,,6,0,,1413,1000,0.053
B,6,が,が,1,fade,,34,0,,1225,600,0.335
B,7,ら,ら,1,reveal,,13,0,,1463,600,0.111
B,8,す,す,1,reveal,,22,1,,1145,600,0.2
B,9,ぱ,ぱ,1,reveal,,50,0,,1392,600,0.487
B,10,つ,ら,0,wipe,,6,0,,7451,600,0.045
B,11,ふ,り,0,wipe,,34,1,,15094,600,0.334
B,12,あ,ら,0,blur,,6,0,,1729,600,0.044
B,13,が,が,1,fade,,70,0,,1487,1000,0.694
B,14,が,が,1,fade,,100,0,,1062,1000,1
B,15,わ,わ,1,fade,,100,1,,1241,1000,1
B,16,ま,ま,1,fade,,6,0,floor,1248,600,0.044
B,17,ぶ,ぶ,1,fade,,100,1,,1761,1000,1
B,18,ま,ま,1,fade,,100,0,,1189,600,1
B,19,お,お,1,fade,,22,1,,1252,600,0.199
B,20,ま,ま,1,fade,,50,0,,1270,1000,0.494
B,21,ど,ど,1,fade,,22,1,,1499,600,0.2
B,22,が,が,1,fade,,22,0,,1450,1000,0.213
B,23,が,が,1,fade,,13,0,,1140,1000,0.12
B,24,ぷ,ぷ,1,fade,,100,1,,1525,1000,1
B,25,ら,ら,1,reveal,,34,0,,1737,600,0.334
B,26,あ,あ,1,blur,,34,0,,1215,600,0.333
B,27,て,て,1,reveal,,50,1,,1414,600,0.489
B,28,に,に,1,fade,,13,1,,1130,600,0.112
B,29,が,が,1,fade,,13,0,,1208,600,0.109
B,30,ま,ま,1,fade,,22,0,,1216,600,0.198
B,31,が,が,1,fade,,6,0,floor,1567,600,0.044
B,32,し,し,1,blur,,100,0,full,1179,600,1
B,33,あ,あ,1,blur,,100,0,,1057,600,1
B,34,ぱ,ぱ,1,reveal,,70,0,,1588,600,0.689
B,35,ぱ,ぱ,1,reveal,,6,0,,1289,600,0.045
B,36,く,く,1,blur,,70,1,,1925,600,0.689
B,37,ざ,ざ,1,blur,,50,1,,2218,600,0.489
B,38,ま,ま,1,fade,,13,0,,1234,600,0.111
B,39,が,が,1,fade,,50,0,,1347,1000,0.494
B,40,め,め,1,blur,,22,1,,1836,600,0.199
B,41,つ,て,0,wipe,,34,0,,2184,600,0.333
B,42,ま,ま,1,fade,,34,0,,1360,600,0.334
B,43,ら,ら,1,reveal,,6,0,,1472,600,0.045
B,44,つ,て,0,wipe,,13,0,,5236,600,0.111
B,45,つ,つ,1,wipe,,70,0,,1555,600,0.688
B,46,ま,ま,1,fade,,34,0,,1206,1000,0.333
B,47,し,し,1,blur,,22,0,,1156,600,0.2
B,48,め,め,1,fade,,6,1,,1204,600,0.045
B,49,つ,て,0,wipe,,22,0,,1492,600,0.201
B,50,ま,ま,1,fade,,6,0,,1155,600,0.045
B,51,ら,ら,1,reveal,,50,0,,1112,600,0.489
B,52,か,た,0,wipe,,34,0,,1891,600,0.335
B,53,こ,こ,1,fade,,22,1,,1186,600,0.2
B,54,ほ,と,0,wipe,,6,1,,5385,600,0.045
B,55,し,し,1,blur,,70,0,,1247,600,0.689
B,56,が,が,1,fade,,22,0,,1376,600,0.198
B,57,ぺ,へ,0,wipe,,50,1,,1611,600,0.489
B,58,せ,へ,0,wipe,,6,1,,1766,600,0.043
B,59,ら,ら,1,reveal,,22,0,,2530,600,0.2
B,60,が,が,1,fade,,50,0,,1112,600,0.49
B,61,る,ら,0,blur,,6,1,,1739,600,0.044
B,62,あ,あ,1,blur,,70,0,,1082,600,0.688
B,63,の,の,1,wipe,,70,1,,1429,600,0.689
B,64,ま,ま,1,fade,,70,0,,1200,600,0.691
B,65,ら,ら,1,reveal,,100,0,,1205,600,1
B,66,か,ら,0,wipe,,6,0,,1922,600,0.043
B,67,し,し,1,blur,,50,0,,1206,600,0.489
B,68,ま,ま,1,fade,,50,0,,2721,600,0.49
B,69,げ,あ,0,wipe,,13,1,,1793,600,0.111
B,70,ゆ,ゆ,1,reveal,,34,1,,1171,600,0.334
B,71,ぱ,ぱ,1,reveal,,100,0,,1242,600,1
B,72,ぺ,ぺ,1,reveal,,70,1,,1907,600,0.689
B,73,ぱ,ぱ,1,reveal,,22,0,,1140,600,0.2
B,74,ぜ,ぜ,1,reveal,,70,1,,2146,600,0.689
B,75,し,し,1,blur,,34,0,,1129,600,0.333
B,76,つ,つ,1,wipe,,100,0,,1902,600,1
B,77,け,げ,0,reveal,,13,1,,4009,600,0.111
B,78,か,つ,0,wipe,,13,0,,1829,600,0.113
B,79,か,た,0,wipe,,22,0,,3649,600,0.201
B,80,ま,ま,1,fade,,22,0,,2625,1000,0.213
B,81,や,や,1,fade,,34,1,,1436,1000,0.334
B,82,し,し,1,blur,,13,0,,1066,600,0.113
B,83,ま,ま,1,fade,,100,0,full,1270,600,1
B,84,が,が,1,fade,,34,0,,1381,1000,0.334
B,85,ま,ま,1,fade,,6,0,,1065,1000,0.053
B,86,し,し,1,blur,,100,0,,1103,600,1
B,87,あ,あ,1,blur,,22,0,,1205,600,0.2
B,88,あ,あ,1,blur,,13,0,,1139,600,0.111
B,89,こ,こ,1,blur,,50,1,,1381,600,0.487
B,90,つ,つ,1,wipe,,100,0,full,1370,600,1
B,91,か,が,0,wipe,,70,0,,2106,600,0.688
B,92,ひ,た,0,wipe,,22,1,,3671,600,0.2
B,93,し,し,1,blur,,6,0,,1150,600,0.045
B,94,つ,つ,1,wipe,,50,0,,1269,600,0.489
B,95,が,が,1,fade,,100,0,,1416,600,1
B,96,ぱ,ぱ,1,reveal,,13,0,,1342,600,0.111
B,97,ま,ま,1,fade,,100,0,,1354,1000,1
B,98,あ,あ,1,blur,,6,0,floor,1585,600,0.044
B,99,が,が,1,fade,,100,0,full,1182,600,1
B,100,ぬ,ぬ,1,reveal,,70,1,,1063,600,0.689
B,101,が,が,1,fade,,70,0,,1210,600,0.688
B,102,ざ,ざ,1,blur,,34,1,,1799,600,0.334
B,103,し,し,1,blur,,100,0,full,1025,600,1
B,104,る,る,1,fade,,13,1,,2105,1000,0.12
B,105,が,が,1,fade,,6,0,,2418,600,0.045
B,106,ま,ま,1,fade,,70,0,,1301,1000,0.693
B,107,あ,あ,1,blur,,6,0,floor,1919,600,0.044
B,108,が,が,1,fade,,100,0,full,1711,600,1
B,109,ぱ,た,0,reveal,,6,0,floor,1468,600,0.043
B,110,む,む,1,fade,,70,1,,1501,1000,0.694
B,111,べ,ぺ,0,blur,,34,1,,1494,600,0.333
B,112,ぱ,ぱ,1,reveal,,34,0,,1412,600,0.333
B,113,か,か,1,wipe,,50,0,,1787,600,0.489
B,114,だ,だ,1,reveal,,50,1,,1644,600,0.488
B,115,ま,ま,1,fade,,13,0,,1247,1000,0.12
B,116,つ,た,0,wipe,,6,0,floor,2098,600,0.045
B,117,ら,ら,1,reveal,,70,0,,1236,600,0.689
