設問ID(半角英数字20文字以内)	チェック設問有無(0:無 1:有)	チェック設問の解答(F06用)	チェック設問の解答(F08用)	チェック設問の解答(F10用)	F01:ラベル	F02:ラベル	F03:リンクボタン（ＵＲＬ）	F04:ラベル	F05:ラベル	F06:セレクトボックス	F07:ラベル	F08:セレクトボックス	F09:ラベル	F10:セレクトボックス	F11:ラベル
y2hw2y	0				ページを開き、課題を完了させてください。	課題の最後に、完了番号が3つ表示されます。	https://kana-task.web.app/transfer_calib2.html?prod=1&wid=y2hw2y	課題の最後に表示された3つの番号を、順番に選んでください。	1つ目の番号	0##1##2##3##4##5##6##7##8##9	2つ目の番号	0##1##2##3##4##5##6##7##8##9	3つ目の番号	0##1##2##3##4##5##6##7##8##9	選び終えたら提出してください。
9yfkkt	1	0	3	8	ページを開き、課題を完了させてください。	課題の最後に、完了番号が3つ表示されます。	https://kana-task.web.app/transfer_calib2.html?prod=1&wid=9yfkkt	課題の最後に表示された3つの番号を、順番に選んでください。	1つ目の番号	0##1##2##3##4##5##6##7##8##9	2つ目の番号	0##1##2##3##4##5##6##7##8##9	3つ目の番号	0##1##2##3##4##5##6##7##8##9	選び終えたら提出してください。
rkts8x	1	0	1	2	ページを開き、課題を完了させてください。	課題の最後に、完了番号が3つ表示されます。	https://kana-task.web.app/transfer_calib2.html?prod=1&wid=rkts8x	課題の最後に表示された3つの番号を、順番に選んでください。	1つ目の番号	0##1##2##3##4##5##6##7##8##9	2つ目の番号	0##1##2##3##4##5##6##7##8##9	3つ目の番号	0##1##2##3##4##5##6##7##8##9	選び終えたら提出してください。
t9njtq	1	2	5	6	ページを開き、課題を完了させてください。	課題の最後に、完了番号が3つ表示されます。	https://kana-task.web.app/transfer_calib2.html?prod=1&wid=t9njtq	課題の最後に表示された3つの番号を、順番に選んでください。	1つ目の番号	0##1##2##3##4##5##6##7##8##9	2つ目の番号	0##1##2##3##4##5##6##7##8##9	3つ目の番号	0##1##2##3##4##5##6##7##8##9	選び終えたら提出してください。
z7g96d	1	3	8	3	ページを開き、課題を完了させてください。	課題の最後に、完了番号が3つ表示されます。	https://kana-task.web.app/transfer_calib2.html?prod=1&wid=z7g96d	課題の最後に表示された3つの番号を、順番に選んでください。	1つ目の番号	0##1##2##3##4##5##6##7##8##9	2つ目の番号	0##1##2##3##4##5##6##7##8##9	3つ目の番号	0##1##2##3##4##5##6##7##8##9	選び終えたら提出してください。
57g9uy	1	0	3	8	ページを開き、課題を完了させてください。	課題の最後に、完了番号が3つ表示されます。	https://kana-task.web.app/transfer_calib2.html?prod=1&wid=57g9uy	課題の最後に表示された3つの番号を、順番に選んでください。	1つ目の番号	0##1##2##3##4##5##6##7##8##9	2つ目の番号	0##1##2##3##4##5##6##7##8##9	3つ目の番号	0##1##2##3##4##5##6##7##8##9	選び終えたら提出してください。
x9wkwy	1	9	6	1	ページを開き、課題を完了させてください。	課題の最後に、完了番号が3つ表示されます。	https://kana-task.web.app/transfer_calib2.html?prod=1&wid=x9wkwy	課題の最後に表示された3つの番号を、順番に選んでください。	1つ目の番号	0##1##2##3##4##5##6##7##8##9	2つ目の番号	0##1##2##3##4##5##6##7##8##9	3つ目の番号	0##1##2##3##4##5##6##7##8##9	選び終えたら提出してください。
cjfpsb	1	4	7	0	ページを開き、課題を完了させてください。	課題の最後に、完了番号が3つ表示されます。	https://kana-task.web.app/transfer_calib2.html?prod=1&wid=cjfpsb	課題の最後に表示された3つの番号を、順番に選んでください。	1つ目の番号	0##1##2##3##4##5##6##7##8##9	2つ目の番号	0##1##2##3##4##5##6##7##8##9	3つ目の番号	0##1##2##3##4##5##6##7##8##9	選び終えたら提出してください。
k8w97t	1	8	7	8	ページを開き、課題を完了させてください。	課題の最後に、完了番号が3つ表示されます。	https://kana-task.web.app/transfer_calib2.html?prod=1&wid=k8w97t	課題の最後に表示された3つの番号を、順番に選んでください。	1つ目の番号	0##1##2##3##4##5##6##7##8##9	2つ目の番号	0##1##2##3##4##5##6##7##8##9	3つ目の番号	0##1##2##3##4##5##6##7##8##9	選び終えたら提出してください。
qens6g	1	6	5	8	ページを開き、課題を完了させてください。	課題の最後に、完了番号が3つ表示されます。	https://kana-task.web.app/transfer_calib2.html?prod=1&wid=qens6g	課題の最後に表示された3つの番号を、順番に選んでください。	1つ目の番号	0##1##2##3##4##5##6##7##8##9	2つ目の番号	0##1##2##3##4##5##6##7##8##9	3つ目の番号	0##1##2##3##4##5##6##7##8##9	選び終えたら提出してください。
fyc3mq	1	7	2	7	ページを開き、課題を完了させてください。	課題の最後に、完了番号が3つ表示されます。	https://kana-task.web.app/transfer_calib2.html?prod=1&wid=fyc3mq	課題の最後に表示された3つの番号を、順番に選んでください。	1つ目の番号	0##1##2##3##4##5##6##7##8##9	2つ目の番号	0##1##2##3##4##5##6##7##8##9	3つ目の番号	0##1##2##3##4##5##6##7##8##9	選び終えたら提出してください。
6uytqp	1	7	8	9	ページを開き、課題を完了させてください。	課題の最後に、完了番号が3つ表示されます。	https://kana-task.web.app/transfer_calib2.html?prod=1&wid=6uytqp	課題の最後に表示された3つの番号を、順番に選んでください。	1つ目の番号	0##1##2##3##4##5##6##7##8##9	2つ目の番号	0##1##2##3##4##5##6##7##8##9	3つ目の番号	0##1##2##3##4##5##6##7##8##9	選び終えたら提出してください。
uud9ca	1	7	2	9	ページを開き、課題を完了させてください。	課題の最後に、完了番号が3つ表示されます。	https://kana-task.web.app/transfer_calib2.html?prod=1&wid=uud9ca	課題の最後に表示された3つの番号を、順番に選んでください。	1つ目の番号	0##1##2##3##4##5##6##7##8##9	2つ目の番号	0##1##2##3##4##5##6##7##8##9	3つ目の番号	0##1##2##3##4##5##6##7##8##9	選び終えたら提出してください。
s5739w	0				ページを開き、課題を完了させてください。	課題の最後に、完了番号が3つ表示されます。	https://kana-task.web.app/transfer_calib2.html?prod=1&wid=s5739w	課題の最後に表示された3つの番号を、順番に選んでください。	1つ目の番号	0##1##2##3##4##5##6##7##8##9	2つ目の番号	0##1##2##3##4##5##6##7##8##9	3つ目の番号	0##1##2##3##4##5##6##7##8##9	選び終えたら提出してください。
nv2zb7	1	1	6	5	ページを開き、課題を完了させてください。	課題の最後に、完了番号が3つ表示されます。	https://kana-task.web.app/transfer_calib2.html?prod=1&wid=nv2zb7	課題の最後に表示された3つの番号を、順番に選んでください。	1つ目の番号	0##1##2##3##4##5##6##7##8##9	2つ目の番号	0##1##2##3##4##5##6##7##8##9	3つ目の番号	0##1##2##3##4##5##6##7##8##9	選び終えたら提出してください。
vtssme	1	6	9	2	ページを開き、課題を完了させてください。	課題の最後に、完了番号が3つ表示されます。	https://kana-task.web.app/transfer_calib2.html?prod=1&wid=vtssme	課題の最後に表示された3つの番号を、順番に選んでください。	1つ目の番号	0##1##2##3##4##5##6##7##8##9	2つ目の番号	0##1##2##3##4##5##6##7##8##9	3つ目の番号	0##1##2##3##4##5##6##7##8##9	選び終えたら提出してください。
zetdwd	1	4	3	8	ページを開き、課題を完了させてください。	課題の最後に、完了番号が3つ表示されます。	https://kana-task.web.app/transfer_calib2.html?prod=1&wid=zetdwd	課題の最後に表示された3つの番号を、順番に選んでください。	1つ目の番号	0##1##2##3##4##5##6##7##8##9	2つ目の番号	0##1##2##3##4##5##6##7##8##9	3つ目の番号	0##1##2##3##4##5##6##7##8##9	選び終えたら提出してください。
rvbvwq	1	6	1	8	ページを開き、課題を完了させてください。	課題の最後に、完了番号が3つ表示されます。	https://kana-task.web.app/transfer_calib2.html?prod=1&wid=rvbvwq	課題の最後に表示された3つの番号を、順番に選んでください。	1つ目の番号	0##1##2##3##4##5##6##7##8##9	2つ目の番号	0##1##2##3##4##5##6##7##8##9	3つ目の番号	0##1##2##3##4##5##6##7##8##9	選び終えたら提出してください。
8u6z9g	1	7	6	3	ページを開き、課題を完了させてください。	課題の最後に、完了番号が3つ表示されます。	https://kana-task.web.app/transfer_calib2.html?prod=1&wid=8u6z9g	課題の最後に表示された3つの番号を、順番に選んでください。	1つ目の番号	0##1##2##3##4##5##6##7##8##9	2つ目の番号	0##1##2##3##4##5##6##7##8##9	3つ目の番号	0##1##2##3##4##5##6##7##8##9	選び終えたら提出してください。
qehqyb	1	6	7	4	ページを開き、課題を完了させてください。	課題の最後に、完了番号が3つ表示されます。	https://kana-task.web.app/transfer_calib2.html?prod=1&wid=qehqyb	課題の最後に表示された3つの番号を、順番に選んでください。	1つ目の番号	0##1##2##3##4##5##6##7##8##9	2つ目の番号	0##1##2##3##4##5##6##7##8##9	3つ目の番号	0##1##2##3##4##5##6##7##8##9	選び終えたら提出してください。
nr4j76	1	7	4	7	ページを開き、課題を完了させてください。	課題の最後に、完了番号が3つ表示されます。	https://kana-task.web.app/transfer_calib2.html?prod=1&wid=nr4j76	課題の最後に表示された3つの番号を、順番に選んでください。	1つ目の番号	0##1##2##3##4##5##6##7##8##9	2つ目の番号	0##1##2##3##4##5##6##7##8##9	3つ目の番号	0##1##2##3##4##5##6##7##8##9	選び終えたら提出してください。
cawtt5	1	8	5	2	ページを開き、課題を完了させてください。	課題の最後に、完了番号が3つ表示されます。	https://kana-task.web.app/transfer_calib2.html?prod=1&wid=cawtt5	課題の最後に表示された3つの番号を、順番に選んでください。	1つ目の番号	0##1##2##3##4##5##6##7##8##9	2つ目の番号	0##1##2##3##4##5##6##7##8##9	3つ目の番号	0##1##2##3##4##5##6##7##8##9	選び終えたら提出してください。
hdp7bb	1	9	4	7	ページを開き、課題を完了させてください。	課題の最後に、完了番号が3つ表示されます。	https://kana-task.web.app/transfer_calib2.html?prod=1&wid=hdp7bb	課題の最後に表示された3つの番号を、順番に選んでください。	1つ目の番号	0##1##2##3##4##5##6##7##8##9	2つ目の番号	0##1##2##3##4##5##6##7##8##9	3つ目の番号	0##1##2##3##4##5##6##7##8##9	選び終えたら提出してください。
zcmfhk	1	3	0	3	ページを開き、課題を完了させてください。	課題の最後に、完了番号が3つ表示されます。	https://kana-task.web.app/transfer_calib2.html?prod=1&wid=zcmfhk	課題の最後に表示された3つの番号を、順番に選んでください。	1つ目の番号	0##1##2##3##4##5##6##7##8##9	2つ目の番号	0##1##2##3##4##5##6##7##8##9	3つ目の番号	0##1##2##3##4##5##6##7##8##9	選び終えたら提出してください。
jpbdsq	1	0	3	2	ページを開き、課題を完了させてください。	課題の最後に、完了番号が3つ表示されます。	https://kana-task.web.app/transfer_calib2.html?prod=1&wid=jpbdsq	課題の最後に表示された3つの番号を、順番に選んでください。	1つ目の番号	0##1##2##3##4##5##6##7##8##9	2つ目の番号	0##1##2##3##4##5##6##7##8##9	3つ目の番号	0##1##2##3##4##5##6##7##8##9	選び終えたら提出してください。
9r4rh7	1	2	3	6	ページを開き、課題を完了させてください。	課題の最後に、完了番号が3つ表示されます。	https://kana-task.web.app/transfer_calib2.html?prod=1&wid=9r4rh7	課題の最後に表示された3つの番号を、順番に選んでください。	1つ目の番号	0##1##2##3##4##5##6##7##8##9	2つ目の番号	0##1##2##3##4##5##6##7##8##9	3つ目の番号	0##1##2##3##4##5##6##7##8##9	選び終えたら提出してください。
nfwfvt	0				ページを開き、課題を完了させてください。	課題の最後に、完了番号が3つ表示されます。	https://kana-task.web.app/transfer_calib2.html?prod=1&wid=nfwfvt	課題の最後に表示された3つの番号を、順番に選んでください。	1つ目の番号	0##1##2##3##4##5##6##7##8##9	2つ目の番号	0##1##2##3##4##5##6##7##8##9	3つ目の番号	0##1##2##3##4##5##6##7##8##9	選び終えたら提出してください。
tux72c	1	1	4	9	ページを開き、課題を完了させてください。	課題の最後に、完了番号が3つ表示されます。	https://kana-task.web.app/transfer_calib2.html?prod=1&wid=tux72c	課題の最後に表示された3つの番号を、順番に選んでください。	1つ目の番号	0##1##2##3##4##5##6##7##8##9	2つ目の番号	0##1##2##3##4##5##6##7##8##9	3つ目の番号	0##1##2##3##4##5##6##7##8##9	選び終えたら提出してください。
tnzfhv	1	0	3	6	ページを開き、課題を完了させてください。	課題の最後に、完了番号が3つ表示されます。	https://kana-task.web.app/transfer_calib2.html?prod=1&wid=tnzfhv	課題の最後に表示された3つの番号を、順番に選んでください。	1つ目の番号	0##1##2##3##4##5##6##7##8##9	2つ目の番号	0##1##2##3##4##5##6##7##8##9	3つ目の番号	0##1##2##3##4##5##6##7##8##9	選び終えたら提出してください。
5h8wrj	1	2	5	0	ページを開き、課題を完了させてください。	課題の最後に、完了番号が3つ表示されます。	https://kana-task.web.app/transfer_calib2.html?prod=1&wid=5h8wrj	課題の最後に表示された3つの番号を、順番に選んでください。	1つ目の番号	0##1##2##3##4##5##6##7##8##9	2つ目の番号	0##1##2##3##4##5##6##7##8##9	3つ目の番号	0##1##2##3##4##5##6##7##8##9	選び終えたら提出してください。
kdktuf	1	7	2	3	ページを開き、課題を完了させてください。	課題の最後に、完了番号が3つ表示されます。	https://kana-task.web.app/transfer_calib2.html?prod=1&wid=kdktuf	課題の最後に表示された3つの番号を、順番に選んでください。	1つ目の番号	0##1##2##3##4##5##6##7##8##9	2つ目の番号	0##1##2##3##4##5##6##7##8##9	3つ目の番号	0##1##2##3##4##5##6##7##8##9	選び終えたら提出してください。
6vxbqn	1	1	6	9	ページを開き、課題を完了させてください。	課題の最後に、完了番号が3つ表示されます。	https://kana-task.web.app/transfer_calib2.html?prod=1&wid=6vxbqn	課題の最後に表示された3つの番号を、順番に選んでください。	1つ目の番号	0##1##2##3##4##5##6##7##8##9	2つ目の番号	0##1##2##3##4##5##6##7##8##9	3つ目の番号	0##1##2##3##4##5##6##7##8##9	選び終えたら提出してください。
u5ccq3	1	2	5	4	ページを開き、課題を完了させてください。	課題の最後に、完了番号が3つ表示されます。	https://kana-task.web.app/transfer_calib2.html?prod=1&wid=u5ccq3	課題の最後に表示された3つの番号を、順番に選んでください。	1つ目の番号	0##1##2##3##4##5##6##7##8##9	2つ目の番号	0##1##2##3##4##5##6##7##8##9	3つ目の番号	0##1##2##3##4##5##6##7##8##9	選び終えたら提出してください。
zrh2fq	1	1	6	1	ページを開き、課題を完了させてください。	課題の最後に、完了番号が3つ表示されます。	https://kana-task.web.app/transfer_calib2.html?prod=1&wid=zrh2fq	課題の最後に表示された3つの番号を、順番に選んでください。	1つ目の番号	0##1##2##3##4##5##6##7##8##9	2つ目の番号	0##1##2##3##4##5##6##7##8##9	3つ目の番号	0##1##2##3##4##5##6##7##8##9	選び終えたら提出してください。
hzh2hv	1	0	7	6	ページを開き、課題を完了させてください。	課題の最後に、完了番号が3つ表示されます。	https://kana-task.web.app/transfer_calib2.html?prod=1&wid=hzh2hv	課題の最後に表示された3つの番号を、順番に選んでください。	1つ目の番号	0##1##2##3##4##5##6##7##8##9	2つ目の番号	0##1##2##3##4##5##6##7##8##9	3つ目の番号	0##1##2##3##4##5##6##7##8##9	選び終えたら提出してください。
hjuyhj	1	4	5	2	ページを開き、課題を完了させてください。	課題の最後に、完了番号が3つ表示されます。	https://kana-task.web.app/transfer_calib2.html?prod=1&wid=hjuyhj	課題の最後に表示された3つの番号を、順番に選んでください。	1つ目の番号	0##1##2##3##4##5##6##7##8##9	2つ目の番号	0##1##2##3##4##5##6##7##8##9	3つ目の番号	0##1##2##3##4##5##6##7##8##9	選び終えたら提出してください。
df5d39	1	1	0	5	ページを開き、課題を完了させてください。	課題の最後に、完了番号が3つ表示されます。	https://kana-task.web.app/transfer_calib2.html?prod=1&wid=df5d39	課題の最後に表示された3つの番号を、順番に選んでください。	1つ目の番号	0##1##2##3##4##5##6##7##8##9	2つ目の番号	0##1##2##3##4##5##6##7##8##9	3つ目の番号	0##1##2##3##4##5##6##7##8##9	選び終えたら提出してください。
tjdrsh	1	1	4	3	ページを開き、課題を完了させてください。	課題の最後に、完了番号が3つ表示されます。	https://kana-task.web.app/transfer_calib2.html?prod=1&wid=tjdrsh	課題の最後に表示された3つの番号を、順番に選んでください。	1つ目の番号	0##1##2##3##4##5##6##7##8##9	2つ目の番号	0##1##2##3##4##5##6##7##8##9	3つ目の番号	0##1##2##3##4##5##6##7##8##9	選び終えたら提出してください。
mzmggc	1	7	0	7	ページを開き、課題を完了させてください。	課題の最後に、完了番号が3つ表示されます。	https://kana-task.web.app/transfer_calib2.html?prod=1&wid=mzmggc	課題の最後に表示された3つの番号を、順番に選んでください。	1つ目の番号	0##1##2##3##4##5##6##7##8##9	2つ目の番号	0##1##2##3##4##5##6##7##8##9	3つ目の番号	0##1##2##3##4##5##6##7##8##9	選び終えたら提出してください。
y9pqy2	0				ページを開き、課題を完了させてください。	課題の最後に、完了番号が3つ表示されます。	https://kana-task.web.app/transfer_calib2.html?prod=1&wid=y9pqy2	課題の最後に表示された3つの番号を、順番に選んでください。	1つ目の番号	0##1##2##3##4##5##6##7##8##9	2つ目の番号	0##1##2##3##4##5##6##7##8##9	3つ目の番号	0##1##2##3##4##5##6##7##8##9	選び終えたら提出してください。
wympgv	1	2	5	0	ページを開き、課題を完了させてください。	課題の最後に、完了番号が3つ表示されます。	https://kana-task.web.app/transfer_calib2.html?prod=1&wid=wympgv	課題の最後に表示された3つの番号を、順番に選んでください。	1つ目の番号	0##1##2##3##4##5##6##7##8##9	2つ目の番号	0##1##2##3##4##5##6##7##8##9	3つ目の番号	0##1##2##3##4##5##6##7##8##9	選び終えたら提出してください。
jdr4vb	1	2	9	4	ページを開き、課題を完了させてください。	課題の最後に、完了番号が3つ表示されます。	https://kana-task.web.app/transfer_calib2.html?prod=1&wid=jdr4vb	課題の最後に表示された3つの番号を、順番に選んでください。	1つ目の番号	0##1##2##3##4##5##6##7##8##9	2つ目の番号	0##1##2##3##4##5##6##7##8##9	3つ目の番号	0##1##2##3##4##5##6##7##8##9	選び終えたら提出してください。
ymh2hn	1	2	5	6	ページを開き、課題を完了させてください。	課題の最後に、完了番号が3つ表示されます。	https://kana-task.web.app/transfer_calib2.html?prod=1&wid=ymh2hn	課題の最後に表示された3つの番号を、順番に選んでください。	1つ目の番号	0##1##2##3##4##5##6##7##8##9	2つ目の番号	0##1##2##3##4##5##6##7##8##9	3つ目の番号	0##1##2##3##4##5##6##7##8##9	選び終えたら提出してください。
rcuvgk	1	0	9	2	ページを開き、課題を完了させてください。	課題の最後に、完了番号が3つ表示されます。	https://kana-task.web.app/transfer_calib2.html?prod=1&wid=rcuvgk	課題の最後に表示された3つの番号を、順番に選んでください。	1つ目の番号	0##1##2##3##4##5##6##7##8##9	2つ目の番号	0##1##2##3##4##5##6##7##8##9	3つ目の番号	0##1##2##3##4##5##6##7##8##9	選び終えたら提出してください。
4jen78	1	0	1	2	ページを開き、課題を完了させてください。	課題の最後に、完了番号が3つ表示されます。	https://kana-task.web.app/transfer_calib2.html?prod=1&wid=4jen78	課題の最後に表示された3つの番号を、順番に選んでください。	1つ目の番号	0##1##2##3##4##5##6##7##8##9	2つ目の番号	0##1##2##3##4##5##6##7##8##9	3つ目の番号	0##1##2##3##4##5##6##7##8##9	選び終えたら提出してください。
nchz9g	1	3	0	1	ページを開き、課題を完了させてください。	課題の最後に、完了番号が3つ表示されます。	https://kana-task.web.app/transfer_calib2.html?prod=1&wid=nchz9g	課題の最後に表示された3つの番号を、順番に選んでください。	1つ目の番号	0##1##2##3##4##5##6##7##8##9	2つ目の番号	0##1##2##3##4##5##6##7##8##9	3つ目の番号	0##1##2##3##4##5##6##7##8##9	選び終えたら提出してください。
xvd4j4	1	4	7	6	ページを開き、課題を完了させてください。	課題の最後に、完了番号が3つ表示されます。	https://kana-task.web.app/transfer_calib2.html?prod=1&wid=xvd4j4	課題の最後に表示された3つの番号を、順番に選んでください。	1つ目の番号	0##1##2##3##4##5##6##7##8##9	2つ目の番号	0##1##2##3##4##5##6##7##8##9	3つ目の番号	0##1##2##3##4##5##6##7##8##9	選び終えたら提出してください。
8ev7e5	1	2	7	8	ページを開き、課題を完了させてください。	課題の最後に、完了番号が3つ表示されます。	https://kana-task.web.app/transfer_calib2.html?prod=1&wid=8ev7e5	課題の最後に表示された3つの番号を、順番に選んでください。	1つ目の番号	0##1##2##3##4##5##6##7##8##9	2つ目の番号	0##1##2##3##4##5##6##7##8##9	3つ目の番号	0##1##2##3##4##5##6##7##8##9	選び終えたら提出してください。
naq3a2	1	0	1	4	ページを開き、課題を完了させてください。	課題の最後に、完了番号が3つ表示されます。	https://kana-task.web.app/transfer_calib2.html?prod=1&wid=naq3a2	課題の最後に表示された3つの番号を、順番に選んでください。	1つ目の番号	0##1##2##3##4##5##6##7##8##9	2つ目の番号	0##1##2##3##4##5##6##7##8##9	3つ目の番号	0##1##2##3##4##5##6##7##8##9	選び終えたら提出してください。
vtwvz8	1	1	6	9	ページを開き、課題を完了させてください。	課題の最後に、完了番号が3つ表示されます。	https://kana-task.web.app/transfer_calib2.html?prod=1&wid=vtwvz8	課題の最後に表示された3つの番号を、順番に選んでください。	1つ目の番号	0##1##2##3##4##5##6##7##8##9	2つ目の番号	0##1##2##3##4##5##6##7##8##9	3つ目の番号	0##1##2##3##4##5##6##7##8##9	選び終えたら提出してください。
8c3c5s	1	3	4	5	ページを開き、課題を完了させてください。	課題の最後に、完了番号が3つ表示されます。	https://kana-task.web.app/transfer_calib2.html?prod=1&wid=8c3c5s	課題の最後に表示された3つの番号を、順番に選んでください。	1つ目の番号	0##1##2##3##4##5##6##7##8##9	2つ目の番号	0##1##2##3##4##5##6##7##8##9	3つ目の番号	0##1##2##3##4##5##6##7##8##9	選び終えたら提出してください。
yuuq6c	1	7	6	7	ページを開き、課題を完了させてください。	課題の最後に、完了番号が3つ表示されます。	https://kana-task.web.app/transfer_calib2.html?prod=1&wid=yuuq6c	課題の最後に表示された3つの番号を、順番に選んでください。	1つ目の番号	0##1##2##3##4##5##6##7##8##9	2つ目の番号	0##1##2##3##4##5##6##7##8##9	3つ目の番号	0##1##2##3##4##5##6##7##8##9	選び終えたら提出してください。
hj36ax	0				ページを開き、課題を完了させてください。	課題の最後に、完了番号が3つ表示されます。	https://kana-task.web.app/transfer_calib2.html?prod=1&wid=hj36ax	課題の最後に表示された3つの番号を、順番に選んでください。	1つ目の番号	0##1##2##3##4##5##6##7##8##9	2つ目の番号	0##1##2##3##4##5##6##7##8##9	3つ目の番号	0##1##2##3##4##5##6##7##8##9	選び終えたら提出してください。
eckj7j	1	6	1	8	ページを開き、課題を完了させてください。	課題の最後に、完了番号が3つ表示されます。	https://kana-task.web.app/transfer_calib2.html?prod=1&wid=eckj7j	課題の最後に表示された3つの番号を、順番に選んでください。	1つ目の番号	0##1##2##3##4##5##6##7##8##9	2つ目の番号	0##1##2##3##4##5##6##7##8##9	3つ目の番号	0##1##2##3##4##5##6##7##8##9	選び終えたら提出してください。
r773nv	1	5	6	1	ページを開き、課題を完了させてください。	課題の最後に、完了番号が3つ表示されます。	https://kana-task.web.app/transfer_calib2.html?prod=1&wid=r773nv	課題の最後に表示された3つの番号を、順番に選んでください。	1つ目の番号	0##1##2##3##4##5##6##7##8##9	2つ目の番号	0##1##2##3##4##5##6##7##8##9	3つ目の番号	0##1##2##3##4##5##6##7##8##9	選び終えたら提出してください。
ta7a6e	1	8	9	0	ページを開き、課題を完了させてください。	課題の最後に、完了番号が3つ表示されます。	https://kana-task.web.app/transfer_calib2.html?prod=1&wid=ta7a6e	課題の最後に表示された3つの番号を、順番に選んでください。	1つ目の番号	0##1##2##3##4##5##6##7##8##9	2つ目の番号	0##1##2##3##4##5##6##7##8##9	3つ目の番号	0##1##2##3##4##5##6##7##8##9	選び終えたら提出してください。
ge88ap	1	1	2	9	ページを開き、課題を完了させてください。	課題の最後に、完了番号が3つ表示されます。	https://kana-task.web.app/transfer_calib2.html?prod=1&wid=ge88ap	課題の最後に表示された3つの番号を、順番に選んでください。	1つ目の番号	0##1##2##3##4##5##6##7##8##9	2つ目の番号	0##1##2##3##4##5##6##7##8##9	3つ目の番号	0##1##2##3##4##5##6##7##8##9	選び終えたら提出してください。
7tbdp5	1	2	7	8	ページを開き、課題を完了させてください。	課題の最後に、完了番号が3つ表示されます。	https://kana-task.web.app/transfer_calib2.html?prod=1&wid=7tbdp5	課題の最後に表示された3つの番号を、順番に選んでください。	1つ目の番号	0##1##2##3##4##5##6##7##8##9	2つ目の番号	0##1##2##3##4##5##6##7##8##9	3つ目の番号	0##1##2##3##4##5##6##7##8##9	選び終えたら提出してください。
dshep8	1	4	9	8	ページを開き、課題を完了させてください。	課題の最後に、完了番号が3つ表示されます。	https://kana-task.web.app/transfer_calib2.html?prod=1&wid=dshep8	課題の最後に表示された3つの番号を、順番に選んでください。	1つ目の番号	0##1##2##3##4##5##6##7##8##9	2つ目の番号	0##1##2##3##4##5##6##7##8##9	3つ目の番号	0##1##2##3##4##5##6##7##8##9	選び終えたら提出してください。
8hf6r4	1	6	7	8	ページを開き、課題を完了させてください。	課題の最後に、完了番号が3つ表示されます。	https://kana-task.web.app/transfer_calib2.html?prod=1&wid=8hf6r4	課題の最後に表示された3つの番号を、順番に選んでください。	1つ目の番号	0##1##2##3##4##5##6##7##8##9	2つ目の番号	0##1##2##3##4##5##6##7##8##9	3つ目の番号	0##1##2##3##4##5##6##7##8##9	選び終えたら提出してください。
d7ssvg	1	4	5	0	ページを開き、課題を完了させてください。	課題の最後に、完了番号が3つ表示されます。	https://kana-task.web.app/transfer_calib2.html?prod=1&wid=d7ssvg	課題の最後に表示された3つの番号を、順番に選んでください。	1つ目の番号	0##1##2##3##4##5##6##7##8##9	2つ目の番号	0##1##2##3##4##5##6##7##8##9	3つ目の番号	0##1##2##3##4##5##6##7##8##9	選び終えたら提出してください。
28x9br	1	9	8	7	ページを開き、課題を完了させてください。	課題の最後に、完了番号が3つ表示されます。	https://kana-task.web.app/transfer_calib2.html?prod=1&wid=28x9br	課題の最後に表示された3つの番号を、順番に選んでください。	1つ目の番号	0##1##2##3##4##5##6##7##8##9	2つ目の番号	0##1##2##3##4##5##6##7##8##9	3つ目の番号	0##1##2##3##4##5##6##7##8##9	選び終えたら提出してください。
8mm3eu	1	1	6	9	ページを開き、課題を完了させてください。	課題の最後に、完了番号が3つ表示されます。	https://kana-task.web.app/transfer_calib2.html?prod=1&wid=8mm3eu	課題の最後に表示された3つの番号を、順番に選んでください。	1つ目の番号	0##1##2##3##4##5##6##7##8##9	2つ目の番号	0##1##2##3##4##5##6##7##8##9	3つ目の番号	0##1##2##3##4##5##6##7##8##9	選び終えたら提出してください。
zt3eyh	1	5	8	3	ページを開き、課題を完了させてください。	課題の最後に、完了番号が3つ表示されます。	https://kana-task.web.app/transfer_calib2.html?prod=1&wid=zt3eyh	課題の最後に表示された3つの番号を、順番に選んでください。	1つ目の番号	0##1##2##3##4##5##6##7##8##9	2つ目の番号	0##1##2##3##4##5##6##7##8##9	3つ目の番号	0##1##2##3##4##5##6##7##8##9	選び終えたら提出してください。
nv5q4h	1	2	5	8	ページを開き、課題を完了させてください。	課題の最後に、完了番号が3つ表示されます。	https://kana-task.web.app/transfer_calib2.html?prod=1&wid=nv5q4h	課題の最後に表示された3つの番号を、順番に選んでください。	1つ目の番号	0##1##2##3##4##5##6##7##8##9	2つ目の番号	0##1##2##3##4##5##6##7##8##9	3つ目の番号	0##1##2##3##4##5##6##7##8##9	選び終えたら提出してください。
3f9p8c	0				ページを開き、課題を完了させてください。	課題の最後に、完了番号が3つ表示されます。	https://kana-task.web.app/transfer_calib2.html?prod=1&wid=3f9p8c	課題の最後に表示された3つの番号を、順番に選んでください。	1つ目の番号	0##1##2##3##4##5##6##7##8##9	2つ目の番号	0##1##2##3##4##5##6##7##8##9	3つ目の番号	0##1##2##3##4##5##6##7##8##9	選び終えたら提出してください。
sy2shr	1	9	2	5	ページを開き、課題を完了させてください。	課題の最後に、完了番号が3つ表示されます。	https://kana-task.web.app/transfer_calib2.html?prod=1&wid=sy2shr	課題の最後に表示された3つの番号を、順番に選んでください。	1つ目の番号	0##1##2##3##4##5##6##7##8##9	2つ目の番号	0##1##2##3##4##5##6##7##8##9	3つ目の番号	0##1##2##3##4##5##6##7##8##9	選び終えたら提出してください。
yd8aw3	1	6	7	4	ページを開き、課題を完了させてください。	課題の最後に、完了番号が3つ表示されます。	https://kana-task.web.app/transfer_calib2.html?prod=1&wid=yd8aw3	課題の最後に表示された3つの番号を、順番に選んでください。	1つ目の番号	0##1##2##3##4##5##6##7##8##9	2つ目の番号	0##1##2##3##4##5##6##7##8##9	3つ目の番号	0##1##2##3##4##5##6##7##8##9	選び終えたら提出してください。
u6dv8g	1	0	9	8	ページを開き、課題を完了させてください。	課題の最後に、完了番号が3つ表示されます。	https://kana-task.web.app/transfer_calib2.html?prod=1&wid=u6dv8g	課題の最後に表示された3つの番号を、順番に選んでください。	1つ目の番号	0##1##2##3##4##5##6##7##8##9	2つ目の番号	0##1##2##3##4##5##6##7##8##9	3つ目の番号	0##1##2##3##4##5##6##7##8##9	選び終えたら提出してください。
u9neqn	1	2	1	8	ページを開き、課題を完了させてください。	課題の最後に、完了番号が3つ表示されます。	https://kana-task.web.app/transfer_calib2.html?prod=1&wid=u9neqn	課題の最後に表示された3つの番号を、順番に選んでください。	1つ目の番号	0##1##2##3##4##5##6##7##8##9	2つ目の番号	0##1##2##3##4##5##6##7##8##9	3つ目の番号	0##1##2##3##4##5##6##7##8##9	選び終えたら提出してください。
s6qnmu	1	8	3	8	ページを開き、課題を完了させてください。	課題の最後に、完了番号が3つ表示されます。	https://kana-task.web.app/transfer_calib2.html?prod=1&wid=s6qnmu	課題の最後に表示された3つの番号を、順番に選んでください。	1つ目の番号	0##1##2##3##4##5##6##7##8##9	2つ目の番号	0##1##2##3##4##5##6##7##8##9	3つ目の番号	0##1##2##3##4##5##6##7##8##9	選び終えたら提出してください。
57tgtz	1	9	6	1	ページを開き、課題を完了させてください。	課題の最後に、完了番号が3つ表示されます。	https://kana-task.web.app/transfer_calib2.html?prod=1&wid=57tgtz	課題の最後に表示された3つの番号を、順番に選んでください。	1つ目の番号	0##1##2##3##4##5##6##7##8##9	2つ目の番号	0##1##2##3##4##5##6##7##8##9	3つ目の番号	0##1##2##3##4##5##6##7##8##9	選び終えたら提出してください。
f6qamc	1	0	7	6	ページを開き、課題を完了させてください。	課題の最後に、完了番号が3つ表示されます。	https://kana-task.web.app/transfer_calib2.html?prod=1&wid=f6qamc	課題の最後に表示された3つの番号を、順番に選んでください。	1つ目の番号	0##1##2##3##4##5##6##7##8##9	2つ目の番号	0##1##2##3##4##5##6##7##8##9	3つ目の番号	0##1##2##3##4##5##6##7##8##9	選び終えたら提出してください。
r7j2cs	1	5	8	7	ページを開き、課題を完了させてください。	課題の最後に、完了番号が3つ表示されます。	https://kana-task.web.app/transfer_calib2.html?prod=1&wid=r7j2cs	課題の最後に表示された3つの番号を、順番に選んでください。	1つ目の番号	0##1##2##3##4##5##6##7##8##9	2つ目の番号	0##1##2##3##4##5##6##7##8##9	3つ目の番号	0##1##2##3##4##5##6##7##8##9	選び終えたら提出してください。
6p9x67	1	8	5	8	ページを開き、課題を完了させてください。	課題の最後に、完了番号が3つ表示されます。	https://kana-task.web.app/transfer_calib2.html?prod=1&wid=6p9x67	課題の最後に表示された3つの番号を、順番に選んでください。	1つ目の番号	0##1##2##3##4##5##6##7##8##9	2つ目の番号	0##1##2##3##4##5##6##7##8##9	3つ目の番号	0##1##2##3##4##5##6##7##8##9	選び終えたら提出してください。
3way2y	1	5	6	9	ページを開き、課題を完了させてください。	課題の最後に、完了番号が3つ表示されます。	https://kana-task.web.app/transfer_calib2.html?prod=1&wid=3way2y	課題の最後に表示された3つの番号を、順番に選んでください。	1つ目の番号	0##1##2##3##4##5##6##7##8##9	2つ目の番号	0##1##2##3##4##5##6##7##8##9	3つ目の番号	0##1##2##3##4##5##6##7##8##9	選び終えたら提出してください。
26susb	1	9	0	3	ページを開き、課題を完了させてください。	課題の最後に、完了番号が3つ表示されます。	https://kana-task.web.app/transfer_calib2.html?prod=1&wid=26susb	課題の最後に表示された3つの番号を、順番に選んでください。	1つ目の番号	0##1##2##3##4##5##6##7##8##9	2つ目の番号	0##1##2##3##4##5##6##7##8##9	3つ目の番号	0##1##2##3##4##5##6##7##8##9	選び終えたら提出してください。
tvkb3h	1	2	7	8	ページを開き、課題を完了させてください。	課題の最後に、完了番号が3つ表示されます。	https://kana-task.web.app/transfer_calib2.html?prod=1&wid=tvkb3h	課題の最後に表示された3つの番号を、順番に選んでください。	1つ目の番号	0##1##2##3##4##5##6##7##8##9	2つ目の番号	0##1##2##3##4##5##6##7##8##9	3つ目の番号	0##1##2##3##4##5##6##7##8##9	選び終えたら提出してください。
29bzf3	0				ページを開き、課題を完了させてください。	課題の最後に、完了番号が3つ表示されます。	https://kana-task.web.app/transfer_calib2.html?prod=1&wid=29bzf3	課題の最後に表示された3つの番号を、順番に選んでください。	1つ目の番号	0##1##2##3##4##5##6##7##8##9	2つ目の番号	0##1##2##3##4##5##6##7##8##9	3つ目の番号	0##1##2##3##4##5##6##7##8##9	選び終えたら提出してください。
q3sbz4	1	7	8	7	ページを開き、課題を完了させてください。	課題の最後に、完了番号が3つ表示されます。	https://kana-task.web.app/transfer_calib2.html?prod=1&wid=q3sbz4	課題の最後に表示された3つの番号を、順番に選んでください。	1つ目の番号	0##1##2##3##4##5##6##7##8##9	2つ目の番号	0##1##2##3##4##5##6##7##8##9	3つ目の番号	0##1##2##3##4##5##6##7##8##9	選び終えたら提出してください。
rc9hrq	1	5	8	7	ページを開き、課題を完了させてください。	課題の最後に、完了番号が3つ表示されます。	https://kana-task.web.app/transfer_calib2.html?prod=1&wid=rc9hrq	課題の最後に表示された3つの番号を、順番に選んでください。	1つ目の番号	0##1##2##3##4##5##6##7##8##9	2つ目の番号	0##1##2##3##4##5##6##7##8##9	3つ目の番号	0##1##2##3##4##5##6##7##8##9	選び終えたら提出してください。
46k3gu	1	8	5	2	ページを開き、課題を完了させてください。	課題の最後に、完了番号が3つ表示されます。	https://kana-task.web.app/transfer_calib2.html?prod=1&wid=46k3gu	課題の最後に表示された3つの番号を、順番に選んでください。	1つ目の番号	0##1##2##3##4##5##6##7##8##9	2つ目の番号	0##1##2##3##4##5##6##7##8##9	3つ目の番号	0##1##2##3##4##5##6##7##8##9	選び終えたら提出してください。
9yubxh	1	7	4	3	ページを開き、課題を完了させてください。	課題の最後に、完了番号が3つ表示されます。	https://kana-task.web.app/transfer_calib2.html?prod=1&wid=9yubxh	課題の最後に表示された3つの番号を、順番に選んでください。	1つ目の番号	0##1##2##3##4##5##6##7##8##9	2つ目の番号	0##1##2##3##4##5##6##7##8##9	3つ目の番号	0##1##2##3##4##5##6##7##8##9	選び終えたら提出してください。
trnpx6	1	0	1	4	ページを開き、課題を完了させてください。	課題の最後に、完了番号が3つ表示されます。	https://kana-task.web.app/transfer_calib2.html?prod=1&wid=trnpx6	課題の最後に表示された3つの番号を、順番に選んでください。	1つ目の番号	0##1##2##3##4##5##6##7##8##9	2つ目の番号	0##1##2##3##4##5##6##7##8##9	3つ目の番号	0##1##2##3##4##5##6##7##8##9	選び終えたら提出してください。
6mhuyd	1	3	8	9	ページを開き、課題を完了させてください。	課題の最後に、完了番号が3つ表示されます。	https://kana-task.web.app/transfer_calib2.html?prod=1&wid=6mhuyd	課題の最後に表示された3つの番号を、順番に選んでください。	1つ目の番号	0##1##2##3##4##5##6##7##8##9	2つ目の番号	0##1##2##3##4##5##6##7##8##9	3つ目の番号	0##1##2##3##4##5##6##7##8##9	選び終えたら提出してください。
8gu3n4	1	3	6	3	ページを開き、課題を完了させてください。	課題の最後に、完了番号が3つ表示されます。	https://kana-task.web.app/transfer_calib2.html?prod=1&wid=8gu3n4	課題の最後に表示された3つの番号を、順番に選んでください。	1つ目の番号	0##1##2##3##4##5##6##7##8##9	2つ目の番号	0##1##2##3##4##5##6##7##8##9	3つ目の番号	0##1##2##3##4##5##6##7##8##9	選び終えたら提出してください。
dpkujy	1	9	6	3	ページを開き、課題を完了させてください。	課題の最後に、完了番号が3つ表示されます。	https://kana-task.web.app/transfer_calib2.html?prod=1&wid=dpkujy	課題の最後に表示された3つの番号を、順番に選んでください。	1つ目の番号	0##1##2##3##4##5##6##7##8##9	2つ目の番号	0##1##2##3##4##5##6##7##8##9	3つ目の番号	0##1##2##3##4##5##6##7##8##9	選び終えたら提出してください。
g6mnpu	1	3	4	7	ページを開き、課題を完了させてください。	課題の最後に、完了番号が3つ表示されます。	https://kana-task.web.app/transfer_calib2.html?prod=1&wid=g6mnpu	課題の最後に表示された3つの番号を、順番に選んでください。	1つ目の番号	0##1##2##3##4##5##6##7##8##9	2つ目の番号	0##1##2##3##4##5##6##7##8##9	3つ目の番号	0##1##2##3##4##5##6##7##8##9	選び終えたら提出してください。
ccfrdc	1	1	0	3	ページを開き、課題を完了させてください。	課題の最後に、完了番号が3つ表示されます。	https://kana-task.web.app/transfer_calib2.html?prod=1&wid=ccfrdc	課題の最後に表示された3つの番号を、順番に選んでください。	1つ目の番号	0##1##2##3##4##5##6##7##8##9	2つ目の番号	0##1##2##3##4##5##6##7##8##9	3つ目の番号	0##1##2##3##4##5##6##7##8##9	選び終えたら提出してください。
zsa84j	1	0	3	4	ページを開き、課題を完了させてください。	課題の最後に、完了番号が3つ表示されます。	https://kana-task.web.app/transfer_calib2.html?prod=1&wid=zsa84j	課題の最後に表示された3つの番号を、順番に選んでください。	1つ目の番号	0##1##2##3##4##5##6##7##8##9	2つ目の番号	0##1##2##3##4##5##6##7##8##9	3つ目の番号	0##1##2##3##4##5##6##7##8##9	選び終えたら提出してください。
q9bunv	1	5	8	1	ページを開き、課題を完了させてください。	課題の最後に、完了番号が3つ表示されます。	https://kana-task.web.app/transfer_calib2.html?prod=1&wid=q9bunv	課題の最後に表示された3つの番号を、順番に選んでください。	1つ目の番号	0##1##2##3##4##5##6##7##8##9	2つ目の番号	0##1##2##3##4##5##6##7##8##9	3つ目の番号	0##1##2##3##4##5##6##7##8##9	選び終えたら提出してください。
qypmnc	0				ページを開き、課題を完了させてください。	課題の最後に、完了番号が3つ表示されます。	https://kana-task.web.app/transfer_calib2.html?prod=1&wid=qypmnc	課題の最後に表示された3つの番号を、順番に選んでください。	1つ目の番号	0##1##2##3##4##5##6##7##8##9	2つ目の番号	0##1##2##3##4##5##6##7##8##9	3つ目の番号	0##1##2##3##4##5##6##7##8##9	選び終えたら提出してください。
zp75dr	1	4	5	2	ページを開き、課題を完了させてください。	課題の最後に、完了番号が3つ表示されます。	https://kana-task.web.app/transfer_calib2.html?prod=1&wid=zp75dr	課題の最後に表示された3つの番号を、順番に選んでください。	1つ目の番号	0##1##2##3##4##5##6##7##8##9	2つ目の番号	0##1##2##3##4##5##6##7##8##9	3つ目の番号	0##1##2##3##4##5##6##7##8##9	選び終えたら提出してください。
b2ahj9	1	4	1	8	ページを開き、課題を完了させてください。	課題の最後に、完了番号が3つ表示されます。	https://kana-task.web.app/transfer_calib2.html?prod=1&wid=b2ahj9	課題の最後に表示された3つの番号を、順番に選んでください。	1つ目の番号	0##1##2##3##4##5##6##7##8##9	2つ目の番号	0##1##2##3##4##5##6##7##8##9	3つ目の番号	0##1##2##3##4##5##6##7##8##9	選び終えたら提出してください。
h8nduz	1	5	8	1	ページを開き、課題を完了させてください。	課題の最後に、完了番号が3つ表示されます。	https://kana-task.web.app/transfer_calib2.html?prod=1&wid=h8nduz	課題の最後に表示された3つの番号を、順番に選んでください。	1つ目の番号	0##1##2##3##4##5##6##7##8##9	2つ目の番号	0##1##2##3##4##5##6##7##8##9	3つ目の番号	0##1##2##3##4##5##6##7##8##9	選び終えたら提出してください。
gddhpr	1	5	6	7	ページを開き、課題を完了させてください。	課題の最後に、完了番号が3つ表示されます。	https://kana-task.web.app/transfer_calib2.html?prod=1&wid=gddhpr	課題の最後に表示された3つの番号を、順番に選んでください。	1つ目の番号	0##1##2##3##4##5##6##7##8##9	2つ目の番号	0##1##2##3##4##5##6##7##8##9	3つ目の番号	0##1##2##3##4##5##6##7##8##9	選び終えたら提出してください。
f57tqv	1	5	8	1	ページを開き、課題を完了させてください。	課題の最後に、完了番号が3つ表示されます。	https://kana-task.web.app/transfer_calib2.html?prod=1&wid=f57tqv	課題の最後に表示された3つの番号を、順番に選んでください。	1つ目の番号	0##1##2##3##4##5##6##7##8##9	2つ目の番号	0##1##2##3##4##5##6##7##8##9	3つ目の番号	0##1##2##3##4##5##6##7##8##9	選び終えたら提出してください。
p7egn6	1	3	6	5	ページを開き、課題を完了させてください。	課題の最後に、完了番号が3つ表示されます。	https://kana-task.web.app/transfer_calib2.html?prod=1&wid=p7egn6	課題の最後に表示された3つの番号を、順番に選んでください。	1つ目の番号	0##1##2##3##4##5##6##7##8##9	2つ目の番号	0##1##2##3##4##5##6##7##8##9	3つ目の番号	0##1##2##3##4##5##6##7##8##9	選び終えたら提出してください。
u9vqc7	1	9	2	3	ページを開き、課題を完了させてください。	課題の最後に、完了番号が3つ表示されます。	https://kana-task.web.app/transfer_calib2.html?prod=1&wid=u9vqc7	課題の最後に表示された3つの番号を、順番に選んでください。	1つ目の番号	0##1##2##3##4##5##6##7##8##9	2つ目の番号	0##1##2##3##4##5##6##7##8##9	3つ目の番号	0##1##2##3##4##5##6##7##8##9	選び終えたら提出してください。
rss78j	1	5	4	1	ページを開き、課題を完了させてください。	課題の最後に、完了番号が3つ表示されます。	https://kana-task.web.app/transfer_calib2.html?prod=1&wid=rss78j	課題の最後に表示された3つの番号を、順番に選んでください。	1つ目の番号	0##1##2##3##4##5##6##7##8##9	2つ目の番号	0##1##2##3##4##5##6##7##8##9	3つ目の番号	0##1##2##3##4##5##6##7##8##9	選び終えたら提出してください。
prfekq	1	7	2	3	ページを開き、課題を完了させてください。	課題の最後に、完了番号が3つ表示されます。	https://kana-task.web.app/transfer_calib2.html?prod=1&wid=prfekq	課題の最後に表示された3つの番号を、順番に選んでください。	1つ目の番号	0##1##2##3##4##5##6##7##8##9	2つ目の番号	0##1##2##3##4##5##6##7##8##9	3つ目の番号	0##1##2##3##4##5##6##7##8##9	選び終えたら提出してください。
ntqa62	1	2	5	6	ページを開き、課題を完了させてください。	課題の最後に、完了番号が3つ表示されます。	https://kana-task.web.app/transfer_calib2.html?prod=1&wid=ntqa62	課題の最後に表示された3つの番号を、順番に選んでください。	1つ目の番号	0##1##2##3##4##5##6##7##8##9	2つ目の番号	0##1##2##3##4##5##6##7##8##9	3つ目の番号	0##1##2##3##4##5##6##7##8##9	選び終えたら提出してください。
4m9xgv	1	1	2	1	ページを開き、課題を完了させてください。	課題の最後に、完了番号が3つ表示されます。	https://kana-task.web.app/transfer_calib2.html?prod=1&wid=4m9xgv	課題の最後に表示された3つの番号を、順番に選んでください。	1つ目の番号	0##1##2##3##4##5##6##7##8##9	2つ目の番号	0##1##2##3##4##5##6##7##8##9	3つ目の番号	0##1##2##3##4##5##6##7##8##9	選び終えたら提出してください。
dntvbs	1	3	4	9	ページを開き、課題を完了させてください。	課題の最後に、完了番号が3つ表示されます。	https://kana-task.web.app/transfer_calib2.html?prod=1&wid=dntvbs	課題の最後に表示された3つの番号を、順番に選んでください。	1つ目の番号	0##1##2##3##4##5##6##7##8##9	2つ目の番号	0##1##2##3##4##5##6##7##8##9	3つ目の番号	0##1##2##3##4##5##6##7##8##9	選び終えたら提出してください。
xf8js4	0				ページを開き、課題を完了させてください。	課題の最後に、完了番号が3つ表示されます。	https://kana-task.web.app/transfer_calib2.html?prod=1&wid=xf8js4	課題の最後に表示された3つの番号を、順番に選んでください。	1つ目の番号	0##1##2##3##4##5##6##7##8##9	2つ目の番号	0##1##2##3##4##5##6##7##8##9	3つ目の番号	0##1##2##3##4##5##6##7##8##9	選び終えたら提出してください。
6daqqp	1	1	0	9	ページを開き、課題を完了させてください。	課題の最後に、完了番号が3つ表示されます。	https://kana-task.web.app/transfer_calib2.html?prod=1&wid=6daqqp	課題の最後に表示された3つの番号を、順番に選んでください。	1つ目の番号	0##1##2##3##4##5##6##7##8##9	2つ目の番号	0##1##2##3##4##5##6##7##8##9	3つ目の番号	0##1##2##3##4##5##6##7##8##9	選び終えたら提出してください。
s3pe22	1	9	2	7	ページを開き、課題を完了させてください。	課題の最後に、完了番号が3つ表示されます。	https://kana-task.web.app/transfer_calib2.html?prod=1&wid=s3pe22	課題の最後に表示された3つの番号を、順番に選んでください。	1つ目の番号	0##1##2##3##4##5##6##7##8##9	2つ目の番号	0##1##2##3##4##5##6##7##8##9	3つ目の番号	0##1##2##3##4##5##6##7##8##9	選び終えたら提出してください。
b3ff36	1	8	9	8	ページを開き、課題を完了させてください。	課題の最後に、完了番号が3つ表示されます。	https://kana-task.web.app/transfer_calib2.html?prod=1&wid=b3ff36	課題の最後に表示された3つの番号を、順番に選んでください。	1つ目の番号	0##1##2##3##4##5##6##7##8##9	2つ目の番号	0##1##2##3##4##5##6##7##8##9	3つ目の番号	0##1##2##3##4##5##6##7##8##9	選び終えたら提出してください。
ej7sft	1	1	4	3	ページを開き、課題を完了させてください。	課題の最後に、完了番号が3つ表示されます。	https://kana-task.web.app/transfer_calib2.html?prod=1&wid=ej7sft	課題の最後に表示された3つの番号を、順番に選んでください。	1つ目の番号	0##1##2##3##4##5##6##7##8##9	2つ目の番号	0##1##2##3##4##5##6##7##8##9	3つ目の番号	0##1##2##3##4##5##6##7##8##9	選び終えたら提出してください。
f3y693	1	4	5	0	ページを開き、課題を完了させてください。	課題の最後に、完了番号が3つ表示されます。	https://kana-task.web.app/transfer_calib2.html?prod=1&wid=f3y693	課題の最後に表示された3つの番号を、順番に選んでください。	1つ目の番号	0##1##2##3##4##5##6##7##8##9	2つ目の番号	0##1##2##3##4##5##6##7##8##9	3つ目の番号	0##1##2##3##4##5##6##7##8##9	選び終えたら提出してください。
v3m3j7	1	8	7	0	ページを開き、課題を完了させてください。	課題の最後に、完了番号が3つ表示されます。	https://kana-task.web.app/transfer_calib2.html?prod=1&wid=v3m3j7	課題の最後に表示された3つの番号を、順番に選んでください。	1つ目の番号	0##1##2##3##4##5##6##7##8##9	2つ目の番号	0##1##2##3##4##5##6##7##8##9	3つ目の番号	0##1##2##3##4##5##6##7##8##9	選び終えたら提出してください。
2ubw4m	1	1	8	1	ページを開き、課題を完了させてください。	課題の最後に、完了番号が3つ表示されます。	https://kana-task.web.app/transfer_calib2.html?prod=1&wid=2ubw4m	課題の最後に表示された3つの番号を、順番に選んでください。	1つ目の番号	0##1##2##3##4##5##6##7##8##9	2つ目の番号	0##1##2##3##4##5##6##7##8##9	3つ目の番号	0##1##2##3##4##5##6##7##8##9	選び終えたら提出してください。
q7bj3g	1	0	3	6	ページを開き、課題を完了させてください。	課題の最後に、完了番号が3つ表示されます。	https://kana-task.web.app/transfer_calib2.html?prod=1&wid=q7bj3g	課題の最後に表示された3つの番号を、順番に選んでください。	1つ目の番号	0##1##2##3##4##5##6##7##8##9	2つ目の番号	0##1##2##3##4##5##6##7##8##9	3つ目の番号	0##1##2##3##4##5##6##7##8##9	選び終えたら提出してください。
q4s75d	1	4	3	2	ページを開き、課題を完了させてください。	課題の最後に、完了番号が3つ表示されます。	https://kana-task.web.app/transfer_calib2.html?prod=1&wid=q4s75d	課題の最後に表示された3つの番号を、順番に選んでください。	1つ目の番号	0##1##2##3##4##5##6##7##8##9	2つ目の番号	0##1##2##3##4##5##6##7##8##9	3つ目の番号	0##1##2##3##4##5##6##7##8##9	選び終えたら提出してください。
xvhazy	1	4	1	8	ページを開き、課題を完了させてください。	課題の最後に、完了番号が3つ表示されます。	https://kana-task.web.app/transfer_calib2.html?prod=1&wid=xvhazy	課題の最後に表示された3つの番号を、順番に選んでください。	1つ目の番号	0##1##2##3##4##5##6##7##8##9	2つ目の番号	0##1##2##3##4##5##6##7##8##9	3つ目の番号	0##1##2##3##4##5##6##7##8##9	選び終えたら提出してください。
djfusz	1	0	5	8	ページを開き、課題を完了させてください。	課題の最後に、完了番号が3つ表示されます。	https://kana-task.web.app/transfer_calib2.html?prod=1&wid=djfusz	課題の最後に表示された3つの番号を、順番に選んでください。	1つ目の番号	0##1##2##3##4##5##6##7##8##9	2つ目の番号	0##1##2##3##4##5##6##7##8##9	3つ目の番号	0##1##2##3##4##5##6##7##8##9	選び終えたら提出してください。
sb9nq2	1	9	0	3	ページを開き、課題を完了させてください。	課題の最後に、完了番号が3つ表示されます。	https://kana-task.web.app/transfer_calib2.html?prod=1&wid=sb9nq2	課題の最後に表示された3つの番号を、順番に選んでください。	1つ目の番号	0##1##2##3##4##5##6##7##8##9	2つ目の番号	0##1##2##3##4##5##6##7##8##9	3つ目の番号	0##1##2##3##4##5##6##7##8##9	選び終えたら提出してください。
4wbap9	0				ページを開き、課題を完了させてください。	課題の最後に、完了番号が3つ表示されます。	https://kana-task.web.app/transfer_calib2.html?prod=1&wid=4wbap9	課題の最後に表示された3つの番号を、順番に選んでください。	1つ目の番号	0##1##2##3##4##5##6##7##8##9	2つ目の番号	0##1##2##3##4##5##6##7##8##9	3つ目の番号	0##1##2##3##4##5##6##7##8##9	選び終えたら提出してください。
paddd8	1	3	6	1	ページを開き、課題を完了させてください。	課題の最後に、完了番号が3つ表示されます。	https://kana-task.web.app/transfer_calib2.html?prod=1&wid=paddd8	課題の最後に表示された3つの番号を、順番に選んでください。	1つ目の番号	0##1##2##3##4##5##6##7##8##9	2つ目の番号	0##1##2##3##4##5##6##7##8##9	3つ目の番号	0##1##2##3##4##5##6##7##8##9	選び終えたら提出してください。
muvmnh	1	7	6	1	ページを開き、課題を完了させてください。	課題の最後に、完了番号が3つ表示されます。	https://kana-task.web.app/transfer_calib2.html?prod=1&wid=muvmnh	課題の最後に表示された3つの番号を、順番に選んでください。	1つ目の番号	0##1##2##3##4##5##6##7##8##9	2つ目の番号	0##1##2##3##4##5##6##7##8##9	3つ目の番号	0##1##2##3##4##5##6##7##8##9	選び終えたら提出してください。
865s4b	1	8	9	6	ページを開き、課題を完了させてください。	課題の最後に、完了番号が3つ表示されます。	https://kana-task.web.app/transfer_calib2.html?prod=1&wid=865s4b	課題の最後に表示された3つの番号を、順番に選んでください。	1つ目の番号	0##1##2##3##4##5##6##7##8##9	2つ目の番号	0##1##2##3##4##5##6##7##8##9	3つ目の番号	0##1##2##3##4##5##6##7##8##9	選び終えたら提出してください。
abfdgx	1	6	1	6	ページを開き、課題を完了させてください。	課題の最後に、完了番号が3つ表示されます。	https://kana-task.web.app/transfer_calib2.html?prod=1&wid=abfdgx	課題の最後に表示された3つの番号を、順番に選んでください。	1つ目の番号	0##1##2##3##4##5##6##7##8##9	2つ目の番号	0##1##2##3##4##5##6##7##8##9	3つ目の番号	0##1##2##3##4##5##6##7##8##9	選び終えたら提出してください。
mrjqwe	1	2	3	8	ページを開き、課題を完了させてください。	課題の最後に、完了番号が3つ表示されます。	https://kana-task.web.app/transfer_calib2.html?prod=1&wid=mrjqwe	課題の最後に表示された3つの番号を、順番に選んでください。	1つ目の番号	0##1##2##3##4##5##6##7##8##9	2つ目の番号	0##1##2##3##4##5##6##7##8##9	3つ目の番号	0##1##2##3##4##5##6##7##8##9	選び終えたら提出してください。
fnvptb	1	6	9	4	ページを開き、課題を完了させてください。	課題の最後に、完了番号が3つ表示されます。	https://kana-task.web.app/transfer_calib2.html?prod=1&wid=fnvptb	課題の最後に表示された3つの番号を、順番に選んでください。	1つ目の番号	0##1##2##3##4##5##6##7##8##9	2つ目の番号	0##1##2##3##4##5##6##7##8##9	3つ目の番号	0##1##2##3##4##5##6##7##8##9	選び終えたら提出してください。
vsgm9m	1	7	4	1	ページを開き、課題を完了させてください。	課題の最後に、完了番号が3つ表示されます。	https://kana-task.web.app/transfer_calib2.html?prod=1&wid=vsgm9m	課題の最後に表示された3つの番号を、順番に選んでください。	1つ目の番号	0##1##2##3##4##5##6##7##8##9	2つ目の番号	0##1##2##3##4##5##6##7##8##9	3つ目の番号	0##1##2##3##4##5##6##7##8##9	選び終えたら提出してください。
z4jjzg	1	3	4	7	ページを開き、課題を完了させてください。	課題の最後に、完了番号が3つ表示されます。	https://kana-task.web.app/transfer_calib2.html?prod=1&wid=z4jjzg	課題の最後に表示された3つの番号を、順番に選んでください。	1つ目の番号	0##1##2##3##4##5##6##7##8##9	2つ目の番号	0##1##2##3##4##5##6##7##8##9	3つ目の番号	0##1##2##3##4##5##6##7##8##9	選び終えたら提出してください。
th8xe4	1	9	0	3	ページを開き、課題を完了させてください。	課題の最後に、完了番号が3つ表示されます。	https://kana-task.web.app/transfer_calib2.html?prod=1&wid=th8xe4	課題の最後に表示された3つの番号を、順番に選んでください。	1つ目の番号	0##1##2##3##4##5##6##7##8##9	2つ目の番号	0##1##2##3##4##5##6##7##8##9	3つ目の番号	0##1##2##3##4##5##6##7##8##9	選び終えたら提出してください。
vyeqpq	1	6	3	2	ページを開き、課題を完了させてください。	課題の最後に、完了番号が3つ表示されます。	https://kana-task.web.app/transfer_calib2.html?prod=1&wid=vyeqpq	課題の最後に表示された3つの番号を、順番に選んでください。	1つ目の番号	0##1##2##3##4##5##6##7##8##9	2つ目の番号	0##1##2##3##4##5##6##7##8##9	3つ目の番号	0##1##2##3##4##5##6##7##8##9	選び終えたら提出してください。
p3e6kz	1	7	8	9	ページを開き、課題を完了させてください。	課題の最後に、完了番号が3つ表示されます。	https://kana-task.web.app/transfer_calib2.html?prod=1&wid=p3e6kz	課題の最後に表示された3つの番号を、順番に選んでください。	1つ目の番号	0##1##2##3##4##5##6##7##8##9	2つ目の番号	0##1##2##3##4##5##6##7##8##9	3つ目の番号	0##1##2##3##4##5##6##7##8##9	選び終えたら提出してください。
2f6yuy	1	5	2	5	ページを開き、課題を完了させてください。	課題の最後に、完了番号が3つ表示されます。	https://kana-task.web.app/transfer_calib2.html?prod=1&wid=2f6yuy	課題の最後に表示された3つの番号を、順番に選んでください。	1つ目の番号	0##1##2##3##4##5##6##7##8##9	2つ目の番号	0##1##2##3##4##5##6##7##8##9	3つ目の番号	0##1##2##3##4##5##6##7##8##9	選び終えたら提出してください。
9zgxvg	0				ページを開き、課題を完了させてください。	課題の最後に、完了番号が3つ表示されます。	https://kana-task.web.app/transfer_calib2.html?prod=1&wid=9zgxvg	課題の最後に表示された3つの番号を、順番に選んでください。	1つ目の番号	0##1##2##3##4##5##6##7##8##9	2つ目の番号	0##1##2##3##4##5##6##7##8##9	3つ目の番号	0##1##2##3##4##5##6##7##8##9	選び終えたら提出してください。
fr5sw6	1	5	4	5	ページを開き、課題を完了させてください。	課題の最後に、完了番号が3つ表示されます。	https://kana-task.web.app/transfer_calib2.html?prod=1&wid=fr5sw6	課題の最後に表示された3つの番号を、順番に選んでください。	1つ目の番号	0##1##2##3##4##5##6##7##8##9	2つ目の番号	0##1##2##3##4##5##6##7##8##9	3つ目の番号	0##1##2##3##4##5##6##7##8##9	選び終えたら提出してください。
3vt64e	1	0	5	6	ページを開き、課題を完了させてください。	課題の最後に、完了番号が3つ表示されます。	https://kana-task.web.app/transfer_calib2.html?prod=1&wid=3vt64e	課題の最後に表示された3つの番号を、順番に選んでください。	1つ目の番号	0##1##2##3##4##5##6##7##8##9	2つ目の番号	0##1##2##3##4##5##6##7##8##9	3つ目の番号	0##1##2##3##4##5##6##7##8##9	選び終えたら提出してください。
fmfk9e	1	6	7	2	ページを開き、課題を完了させてください。	課題の最後に、完了番号が3つ表示されます。	https://kana-task.web.app/transfer_calib2.html?prod=1&wid=fmfk9e	課題の最後に表示された3つの番号を、順番に選んでください。	1つ目の番号	0##1##2##3##4##5##6##7##8##9	2つ目の番号	0##1##2##3##4##5##6##7##8##9	3つ目の番号	0##1##2##3##4##5##6##7##8##9	選び終えたら提出してください。
hgjs25	1	5	6	7	ページを開き、課題を完了させてください。	課題の最後に、完了番号が3つ表示されます。	https://kana-task.web.app/transfer_calib2.html?prod=1&wid=hgjs25	課題の最後に表示された3つの番号を、順番に選んでください。	1つ目の番号	0##1##2##3##4##5##6##7##8##9	2つ目の番号	0##1##2##3##4##5##6##7##8##9	3つ目の番号	0##1##2##3##4##5##6##7##8##9	選び終えたら提出してください。
rf7xq7	1	5	6	7	ページを開き、課題を完了させてください。	課題の最後に、完了番号が3つ表示されます。	https://kana-task.web.app/transfer_calib2.html?prod=1&wid=rf7xq7	課題の最後に表示された3つの番号を、順番に選んでください。	1つ目の番号	0##1##2##3##4##5##6##7##8##9	2つ目の番号	0##1##2##3##4##5##6##7##8##9	3つ目の番号	0##1##2##3##4##5##6##7##8##9	選び終えたら提出してください。
9tckae	1	3	6	3	ページを開き、課題を完了させてください。	課題の最後に、完了番号が3つ表示されます。	https://kana-task.web.app/transfer_calib2.html?prod=1&wid=9tckae	課題の最後に表示された3つの番号を、順番に選んでください。	1つ目の番号	0##1##2##3##4##5##6##7##8##9	2つ目の番号	0##1##2##3##4##5##6##7##8##9	3つ目の番号	0##1##2##3##4##5##6##7##8##9	選び終えたら提出してください。
p3phtz	1	9	4	7	ページを開き、課題を完了させてください。	課題の最後に、完了番号が3つ表示されます。	https://kana-task.web.app/transfer_calib2.html?prod=1&wid=p3phtz	課題の最後に表示された3つの番号を、順番に選んでください。	1つ目の番号	0##1##2##3##4##5##6##7##8##9	2つ目の番号	0##1##2##3##4##5##6##7##8##9	3つ目の番号	0##1##2##3##4##5##6##7##8##9	選び終えたら提出してください。
u9g7wb	1	5	8	3	ページを開き、課題を完了させてください。	課題の最後に、完了番号が3つ表示されます。	https://kana-task.web.app/transfer_calib2.html?prod=1&wid=u9g7wb	課題の最後に表示された3つの番号を、順番に選んでください。	1つ目の番号	0##1##2##3##4##5##6##7##8##9	2つ目の番号	0##1##2##3##4##5##6##7##8##9	3つ目の番号	0##1##2##3##4##5##6##7##8##9	選び終えたら提出してください。
mdscva	1	0	7	0	ページを開き、課題を完了させてください。	課題の最後に、完了番号が3つ表示されます。	https://kana-task.web.app/transfer_calib2.html?prod=1&wid=mdscva	課題の最後に表示された3つの番号を、順番に選んでください。	1つ目の番号	0##1##2##3##4##5##6##7##8##9	2つ目の番号	0##1##2##3##4##5##6##7##8##9	3つ目の番号	0##1##2##3##4##5##6##7##8##9	選び終えたら提出してください。
6kxhpw	1	6	3	6	ページを開き、課題を完了させてください。	課題の最後に、完了番号が3つ表示されます。	https://kana-task.web.app/transfer_calib2.html?prod=1&wid=6kxhpw	課題の最後に表示された3つの番号を、順番に選んでください。	1つ目の番号	0##1##2##3##4##5##6##7##8##9	2つ目の番号	0##1##2##3##4##5##6##7##8##9	3つ目の番号	0##1##2##3##4##5##6##7##8##9	選び終えたら提出してください。
baepx5	1	9	6	7	ページを開き、課題を完了させてください。	課題の最後に、完了番号が3つ表示されます。	https://kana-task.web.app/transfer_calib2.html?prod=1&wid=baepx5	課題の最後に表示された3つの番号を、順番に選んでください。	1つ目の番号	0##1##2##3##4##5##6##7##8##9	2つ目の番号	0##1##2##3##4##5##6##7##8##9	3つ目の番号	0##1##2##3##4##5##6##7##8##9	選び終えたら提出してください。
fzd8nf	1	2	1	0	ページを開き、課題を完了させてください。	課題の最後に、完了番号が3つ表示されます。	https://kana-task.web.app/transfer_calib2.html?prod=1&wid=fzd8nf	課題の最後に表示された3つの番号を、順番に選んでください。	1つ目の番号	0##1##2##3##4##5##6##7##8##9	2つ目の番号	0##1##2##3##4##5##6##7##8##9	3つ目の番号	0##1##2##3##4##5##6##7##8##9	選び終えたら提出してください。
pvch7x	0				ページを開き、課題を完了させてください。	課題の最後に、完了番号が3つ表示されます。	https://kana-task.web.app/transfer_calib2.html?prod=1&wid=pvch7x	課題の最後に表示された3つの番号を、順番に選んでください。	1つ目の番号	0##1##2##3##4##5##6##7##8##9	2つ目の番号	0##1##2##3##4##5##6##7##8##9	3つ目の番号	0##1##2##3##4##5##6##7##8##9	選び終えたら提出してください。
bsa66f	1	2	3	8	ページを開き、課題を完了させてください。	課題の最後に、完了番号が3つ表示されます。	https://kana-task.web.app/transfer_calib2.html?prod=1&wid=bsa66f	課題の最後に表示された3つの番号を、順番に選んでください。	1つ目の番号	0##1##2##3##4##5##6##7##8##9	2つ目の番号	0##1##2##3##4##5##6##7##8##9	3つ目の番号	0##1##2##3##4##5##6##7##8##9	選び終えたら提出してください。
gwnewr	1	8	1	6	ページを開き、課題を完了させてください。	課題の最後に、完了番号が3つ表示されます。	https://kana-task.web.app/transfer_calib2.html?prod=1&wid=gwnewr	課題の最後に表示された3つの番号を、順番に選んでください。	1つ目の番号	0##1##2##3##4##5##6##7##8##9	2つ目の番号	0##1##2##3##4##5##6##7##8##9	3つ目の番号	0##1##2##3##4##5##6##7##8##9	選び終えたら提出してください。
rq7wp9	1	2	3	4	ページを開き、課題を完了させてください。	課題の最後に、完了番号が3つ表示されます。	https://kana-task.web.app/transfer_calib2.html?prod=1&wid=rq7wp9	課題の最後に表示された3つの番号を、順番に選んでください。	1つ目の番号	0##1##2##3##4##5##6##7##8##9	2つ目の番号	0##1##2##3##4##5##6##7##8##9	3つ目の番号	0##1##2##3##4##5##6##7##8##9	選び終えたら提出してください。
9qxh6d	1	4	1	4	ページを開き、課題を完了させてください。	課題の最後に、完了番号が3つ表示されます。	https://kana-task.web.app/transfer_calib2.html?prod=1&wid=9qxh6d	課題の最後に表示された3つの番号を、順番に選んでください。	1つ目の番号	0##1##2##3##4##5##6##7##8##9	2つ目の番号	0##1##2##3##4##5##6##7##8##9	3つ目の番号	0##1##2##3##4##5##6##7##8##9	選び終えたら提出してください。
cbf3ht	1	8	9	4	ページを開き、課題を完了させてください。	課題の最後に、完了番号が3つ表示されます。	https://kana-task.web.app/transfer_calib2.html?prod=1&wid=cbf3ht	課題の最後に表示された3つの番号を、順番に選んでください。	1つ目の番号	0##1##2##3##4##5##6##7##8##9	2つ目の番号	0##1##2##3##4##5##6##7##8##9	3つ目の番号	0##1##2##3##4##5##6##7##8##9	選び終えたら提出してください。
95pr9c	1	2	9	8	ページを開き、課題を完了させてください。	課題の最後に、完了番号が3つ表示されます。	https://kana-task.web.app/transfer_calib2.html?prod=1&wid=95pr9c	課題の最後に表示された3つの番号を、順番に選んでください。	1つ目の番号	0##1##2##3##4##5##6##7##8##9	2つ目の番号	0##1##2##3##4##5##6##7##8##9	3つ目の番号	0##1##2##3##4##5##6##7##8##9	選び終えたら提出してください。
9rynpc	1	1	2	1	ページを開き、課題を完了させてください。	課題の最後に、完了番号が3つ表示されます。	https://kana-task.web.app/transfer_calib2.html?prod=1&wid=9rynpc	課題の最後に表示された3つの番号を、順番に選んでください。	1つ目の番号	0##1##2##3##4##5##6##7##8##9	2つ目の番号	0##1##2##3##4##5##6##7##8##9	3つ目の番号	0##1##2##3##4##5##6##7##8##9	選び終えたら提出してください。
hztsts	1	8	9	2	ページを開き、課題を完了させてください。	課題の最後に、完了番号が3つ表示されます。	https://kana-task.web.app/transfer_calib2.html?prod=1&wid=hztsts	課題の最後に表示された3つの番号を、順番に選んでください。	1つ目の番号	0##1##2##3##4##5##6##7##8##9	2つ目の番号	0##1##2##3##4##5##6##7##8##9	3つ目の番号	0##1##2##3##4##5##6##7##8##9	選び終えたら提出してください。
4rbwqt	1	2	9	2	ページを開き、課題を完了させてください。	課題の最後に、完了番号が3つ表示されます。	https://kana-task.web.app/transfer_calib2.html?prod=1&wid=4rbwqt	課題の最後に表示された3つの番号を、順番に選んでください。	1つ目の番号	0##1##2##3##4##5##6##7##8##9	2つ目の番号	0##1##2##3##4##5##6##7##8##9	3つ目の番号	0##1##2##3##4##5##6##7##8##9	選び終えたら提出してください。
g47d9z	1	9	0	3	ページを開き、課題を完了させてください。	課題の最後に、完了番号が3つ表示されます。	https://kana-task.web.app/transfer_calib2.html?prod=1&wid=g47d9z	課題の最後に表示された3つの番号を、順番に選んでください。	1つ目の番号	0##1##2##3##4##5##6##7##8##9	2つ目の番号	0##1##2##3##4##5##6##7##8##9	3つ目の番号	0##1##2##3##4##5##6##7##8##9	選び終えたら提出してください。
bg23xp	1	6	1	6	ページを開き、課題を完了させてください。	課題の最後に、完了番号が3つ表示されます。	https://kana-task.web.app/transfer_calib2.html?prod=1&wid=bg23xp	課題の最後に表示された3つの番号を、順番に選んでください。	1つ目の番号	0##1##2##3##4##5##6##7##8##9	2つ目の番号	0##1##2##3##4##5##6##7##8##9	3つ目の番号	0##1##2##3##4##5##6##7##8##9	選び終えたら提出してください。
uyj29y	1	4	7	6	ページを開き、課題を完了させてください。	課題の最後に、完了番号が3つ表示されます。	https://kana-task.web.app/transfer_calib2.html?prod=1&wid=uyj29y	課題の最後に表示された3つの番号を、順番に選んでください。	1つ目の番号	0##1##2##3##4##5##6##7##8##9	2つ目の番号	0##1##2##3##4##5##6##7##8##9	3つ目の番号	0##1##2##3##4##5##6##7##8##9	選び終えたら提出してください。
x3vygm	0				ページを開き、課題を完了させてください。	課題の最後に、完了番号が3つ表示されます。	https://kana-task.web.app/transfer_calib2.html?prod=1&wid=x3vygm	課題の最後に表示された3つの番号を、順番に選んでください。	1つ目の番号	0##1##2##3##4##5##6##7##8##9	2つ目の番号	0##1##2##3##4##5##6##7##8##9	3つ目の番号	0##1##2##3##4##5##6##7##8##9	選び終えたら提出してください。
ku4qfg	1	6	7	8	ページを開き、課題を完了させてください。	課題の最後に、完了番号が3つ表示されます。	https://kana-task.web.app/transfer_calib2.html?prod=1&wid=ku4qfg	課題の最後に表示された3つの番号を、順番に選んでください。	1つ目の番号	0##1##2##3##4##5##6##7##8##9	2つ目の番号	0##1##2##3##4##5##6##7##8##9	3つ目の番号	0##1##2##3##4##5##6##7##8##9	選び終えたら提出してください。
kcbbj9	1	3	4	7	ページを開き、課題を完了させてください。	課題の最後に、完了番号が3つ表示されます。	https://kana-task.web.app/transfer_calib2.html?prod=1&wid=kcbbj9	課題の最後に表示された3つの番号を、順番に選んでください。	1つ目の番号	0##1##2##3##4##5##6##7##8##9	2つ目の番号	0##1##2##3##4##5##6##7##8##9	3つ目の番号	0##1##2##3##4##5##6##7##8##9	選び終えたら提出してください。
s29bx3	1	9	2	7	ページを開き、課題を完了させてください。	課題の最後に、完了番号が3つ表示されます。	https://kana-task.web.app/transfer_calib2.html?prod=1&wid=s29bx3	課題の最後に表示された3つの番号を、順番に選んでください。	1つ目の番号	0##1##2##3##4##5##6##7##8##9	2つ目の番号	0##1##2##3##4##5##6##7##8##9	3つ目の番号	0##1##2##3##4##5##6##7##8##9	選び終えたら提出してください。
hmbr3h	1	6	7	2	ページを開き、課題を完了させてください。	課題の最後に、完了番号が3つ表示されます。	https://kana-task.web.app/transfer_calib2.html?prod=1&wid=hmbr3h	課題の最後に表示された3つの番号を、順番に選んでください。	1つ目の番号	0##1##2##3##4##5##6##7##8##9	2つ目の番号	0##1##2##3##4##5##6##7##8##9	3つ目の番号	0##1##2##3##4##5##6##7##8##9	選び終えたら提出してください。
5742ux	1	3	8	1	ページを開き、課題を完了させてください。	課題の最後に、完了番号が3つ表示されます。	https://kana-task.web.app/transfer_calib2.html?prod=1&wid=5742ux	課題の最後に表示された3つの番号を、順番に選んでください。	1つ目の番号	0##1##2##3##4##5##6##7##8##9	2つ目の番号	0##1##2##3##4##5##6##7##8##9	3つ目の番号	0##1##2##3##4##5##6##7##8##9	選び終えたら提出してください。
ek29k4	1	0	7	0	ページを開き、課題を完了させてください。	課題の最後に、完了番号が3つ表示されます。	https://kana-task.web.app/transfer_calib2.html?prod=1&wid=ek29k4	課題の最後に表示された3つの番号を、順番に選んでください。	1つ目の番号	0##1##2##3##4##5##6##7##8##9	2つ目の番号	0##1##2##3##4##5##6##7##8##9	3つ目の番号	0##1##2##3##4##5##6##7##8##9	選び終えたら提出してください。
