設問番号,作業者ID,課題URL
1,znxa8x,https://kana-task.web.app/calib?prod=1&wid=znxa8x
2,6xt88w,https://kana-task.web.app/calib?prod=1&wid=6xt88w
3,jav5yw,https://kana-task.web.app/calib?prod=1&wid=jav5yw
4,5mk55k,https://kana-task.web.app/calib?prod=1&wid=5mk55k
5,dp8m84,https://kana-task.web.app/calib?prod=1&wid=dp8m84
6,jv7cuy,https://kana-task.web.app/calib?prod=1&wid=jv7cuy
7,f93un7,https://kana-task.web.app/calib?prod=1&wid=f93un7
8,wmqha6,https://kana-task.web.app/calib?prod=1&wid=wmqha6
9,byaecm,https://kana-task.web.app/calib?prod=1&wid=byaecm
10,wx6xru,https://kana-task.web.app/calib?prod=1&wid=wx6xru
11,4wacpa,https://kana-task.web.app/calib?prod=1&wid=4wacpa
12,8tczuu,https://kana-task.web.app/calib?prod=1&wid=8tczuu
13,uyzjrv,https://kana-task.web.app/calib?prod=1&wid=uyzjrv
14,ewumqe,https://kana-task.web.app/calib?prod=1&wid=ewumqe
15,pnqzzt,https://kana-task.web.app/calib?prod=1&wid=pnqzzt
16,xmy87q,https://kana-task.web.app/calib?prod=1&wid=xmy87q
17,6x4tck,https://kana-task.web.app/calib?prod=1&wid=6x4tck
18,s7zuf5,https://kana-task.web.app/calib?prod=1&wid=s7zuf5
19,wuk8ch,https://kana-task.web.app/calib?prod=1&wid=wuk8ch
20,75a86d,https://kana-task.web.app/calib?prod=1&wid=75a86d
21,yjzfjn,https://kana-task.web.app/calib?prod=1&wid=yjzfjn
22,pc7z98,https://kana-task.web.app/calib?prod=1&wid=pc7z98
23,j9978y,https://kana-task.web.app/calib?prod=1&wid=j9978y
24,89ke9n,https://kana-task.web.app/calib?prod=1&wid=89ke9n
25,xy6r3n,https://kana-task.web.app/calib?prod=1&wid=xy6r3n
26,3f2h8t,https://kana-task.web.app/calib?prod=1&wid=3f2h8t
27,8f3ez4,https://kana-task.web.app/calib?prod=1&wid=8f3ez4
28,w9h9rb,https://kana-task.web.app/calib?prod=1&wid=w9h9rb
29,wu85fb,https://kana-task.web.app/calib?prod=1&wid=wu85fb
30,rhamzs,https://kana-task.web.app/calib?prod=1&wid=rhamzs
31,8ed82z,https://kana-task.web.app/calib?prod=1&wid=8ed82z
32,c8b6m7,https://kana-task.web.app/calib?prod=1&wid=c8b6m7
33,v89wqq,https://kana-task.web.app/calib?prod=1&wid=v89wqq
34,r8vtwa,https://kana-task.web.app/calib?prod=1&wid=r8vtwa
35,d3njj2,https://kana-task.web.app/calib?prod=1&wid=d3njj2
36,x4se3h,https://kana-task.web.app/calib?prod=1&wid=x4se3h
37,y4mru5,https://kana-task.web.app/calib?prod=1&wid=y4mru5
38,gc93re,https://kana-task.web.app/calib?prod=1&wid=gc93re
39,bkwdqn,https://kana-task.web.app/calib?prod=1&wid=bkwdqn
40,zdqjkk,https://kana-task.web.app/calib?prod=1&wid=zdqjkk
41,rmw3du,https://kana-task.web.app/calib?prod=1&wid=rmw3du
42,2vrc3s,https://kana-task.web.app/calib?prod=1&wid=2vrc3s
43,w9nt9r,https://kana-task.web.app/calib?prod=1&wid=w9nt9r
44,ds9kv4,https://kana-task.web.app/calib?prod=1&wid=ds9kv4
45,p2mgd9,https://kana-task.web.app/calib?prod=1&wid=p2mgd9
46,qk8f4m,https://kana-task.web.app/calib?prod=1&wid=qk8f4m
47,qsc3hu,https://kana-task.web.app/calib?prod=1&wid=qsc3hu
48,yjj2th,https://kana-task.web.app/calib?prod=1&wid=yjj2th
49,8b32hh,https://kana-task.web.app/calib?prod=1&wid=8b32hh
50,bn7cuk,https://kana-task.web.app/calib?prod=1&wid=bn7cuk
51,u8gh9x,https://kana-task.web.app/calib?prod=1&wid=u8gh9x
52,48nspu,https://kana-task.web.app/calib?prod=1&wid=48nspu
53,zhdnmg,https://kana-task.web.app/calib?prod=1&wid=zhdnmg
54,3j6g3v,https://kana-task.web.app/calib?prod=1&wid=3j6g3v
55,5rue3f,https://kana-task.web.app/calib?prod=1&wid=5rue3f
56,knrp78,https://kana-task.web.app/calib?prod=1&wid=knrp78
57,r7zmkx,https://kana-task.web.app/calib?prod=1&wid=r7zmkx
58,rhvfqu,https://kana-task.web.app/calib?prod=1&wid=rhvfqu
59,8rvfmc,https://kana-task.web.app/calib?prod=1&wid=8rvfmc
60,qd5ryd,https://kana-task.web.app/calib?prod=1&wid=qd5ryd
61,xyddwr,https://kana-task.web.app/calib?prod=1&wid=xyddwr
62,x9q6n8,https://kana-task.web.app/calib?prod=1&wid=x9q6n8
63,u7wxm2,https://kana-task.web.app/calib?prod=1&wid=u7wxm2
64,prjd7d,https://kana-task.web.app/calib?prod=1&wid=prjd7d
65,hq3ejg,https://kana-task.web.app/calib?prod=1&wid=hq3ejg
66,6xdvt6,https://kana-task.web.app/calib?prod=1&wid=6xdvt6
67,g4sjcn,https://kana-task.web.app/calib?prod=1&wid=g4sjcn
68,qtpk66,https://kana-task.web.app/calib?prod=1&wid=qtpk66
69,as95xe,https://kana-task.web.app/calib?prod=1&wid=as95xe
70,sqmhr5,https://kana-task.web.app/calib?prod=1&wid=sqmhr5
71,tapugz,https://kana-task.web.app/calib?prod=1&wid=tapugz
72,xsv5b9,https://kana-task.web.app/calib?prod=1&wid=xsv5b9
73,u3nzyb,https://kana-task.web.app/calib?prod=1&wid=u3nzyb
74,hkvvyw,https://kana-task.web.app/calib?prod=1&wid=hkvvyw
75,jmekpv,https://kana-task.web.app/calib?prod=1&wid=jmekpv
76,9zsycx,https://kana-task.web.app/calib?prod=1&wid=9zsycx
77,5cbe5h,https://kana-task.web.app/calib?prod=1&wid=5cbe5h
78,e6qnad,https://kana-task.web.app/calib?prod=1&wid=e6qnad
79,xy3ft6,https://kana-task.web.app/calib?prod=1&wid=xy3ft6
80,hbbxeq,https://kana-task.web.app/calib?prod=1&wid=hbbxeq
81,vfrz3y,https://kana-task.web.app/calib?prod=1&wid=vfrz3y
82,stpnn6,https://kana-task.web.app/calib?prod=1&wid=stpnn6
83,stsvsb,https://kana-task.web.app/calib?prod=1&wid=stsvsb
84,4sevzn,https://kana-task.web.app/calib?prod=1&wid=4sevzn
85,4r2xz4,https://kana-task.web.app/calib?prod=1&wid=4r2xz4
86,f7w3mj,https://kana-task.web.app/calib?prod=1&wid=f7w3mj
87,hjkrzz,https://kana-task.web.app/calib?prod=1&wid=hjkrzz
88,us7gp5,https://kana-task.web.app/calib?prod=1&wid=us7gp5
89,n93sbh,https://kana-task.web.app/calib?prod=1&wid=n93sbh
90,q4bd7u,https://kana-task.web.app/calib?prod=1&wid=q4bd7u
91,xxpgbq,https://kana-task.web.app/calib?prod=1&wid=xxpgbq
92,4cbcbt,https://kana-task.web.app/calib?prod=1&wid=4cbcbt
93,f35era,https://kana-task.web.app/calib?prod=1&wid=f35era
94,79tbh8,https://kana-task.web.app/calib?prod=1&wid=79tbh8
95,pzuk5w,https://kana-task.web.app/calib?prod=1&wid=pzuk5w
96,7z5aej,https://kana-task.web.app/calib?prod=1&wid=7z5aej
97,xf5bm3,https://kana-task.web.app/calib?prod=1&wid=xf5bm3
98,95bmgh,https://kana-task.web.app/calib?prod=1&wid=95bmgh
99,52caav,https://kana-task.web.app/calib?prod=1&wid=52caav
100,62hmq8,https://kana-task.web.app/calib?prod=1&wid=62hmq8
101,4jtpbj,https://kana-task.web.app/calib?prod=1&wid=4jtpbj
102,x6veqf,https://kana-task.web.app/calib?prod=1&wid=x6veqf
103,ekmjen,https://kana-task.web.app/calib?prod=1&wid=ekmjen
104,rmdh8u,https://kana-task.web.app/calib?prod=1&wid=rmdh8u
105,e3kzzw,https://kana-task.web.app/calib?prod=1&wid=e3kzzw
106,rh7qmb,https://kana-task.web.app/calib?prod=1&wid=rh7qmb
107,ux3hkt,https://kana-task.web.app/calib?prod=1&wid=ux3hkt
108,nmkmeb,https://kana-task.web.app/calib?prod=1&wid=nmkmeb
109,zpdbua,https://kana-task.web.app/calib?prod=1&wid=zpdbua
110,2x7avj,https://kana-task.web.app/calib?prod=1&wid=2x7avj
111,knxs5x,https://kana-task.web.app/calib?prod=1&wid=knxs5x
112,nzhjha,https://kana-task.web.app/calib?prod=1&wid=nzhjha
113,5eqper,https://kana-task.web.app/calib?prod=1&wid=5eqper
114,jbwvsd,https://kana-task.web.app/calib?prod=1&wid=jbwvsd
115,9ztyjc,https://kana-task.web.app/calib?prod=1&wid=9ztyjc
116,eb86cp,https://kana-task.web.app/calib?prod=1&wid=eb86cp
117,84n9ua,https://kana-task.web.app/calib?prod=1&wid=84n9ua
118,2zgfq6,https://kana-task.web.app/calib?prod=1&wid=2zgfq6
119,8smmyb,https://kana-task.web.app/calib?prod=1&wid=8smmyb
120,p6jw45,https://kana-task.web.app/calib?prod=1&wid=p6jw45
121,wtg78p,https://kana-task.web.app/calib?prod=1&wid=wtg78p
122,6avefq,https://kana-task.web.app/calib?prod=1&wid=6avefq
123,t4njfp,https://kana-task.web.app/calib?prod=1&wid=t4njfp
124,u7bqp9,https://kana-task.web.app/calib?prod=1&wid=u7bqp9
125,6qrr66,https://kana-task.web.app/calib?prod=1&wid=6qrr66
126,c93a3f,https://kana-task.web.app/calib?prod=1&wid=c93a3f
127,chvqd3,https://kana-task.web.app/calib?prod=1&wid=chvqd3
128,3d5qw7,https://kana-task.web.app/calib?prod=1&wid=3d5qw7
129,jpr258,https://kana-task.web.app/calib?prod=1&wid=jpr258
130,vbpzrr,https://kana-task.web.app/calib?prod=1&wid=vbpzrr
131,qqjdev,https://kana-task.web.app/calib?prod=1&wid=qqjdev
132,xwpvu7,https://kana-task.web.app/calib?prod=1&wid=xwpvu7
133,56rctp,https://kana-task.web.app/calib?prod=1&wid=56rctp
134,uaxyfq,https://kana-task.web.app/calib?prod=1&wid=uaxyfq
135,au53mq,https://kana-task.web.app/calib?prod=1&wid=au53mq
136,qduaw3,https://kana-task.web.app/calib?prod=1&wid=qduaw3
137,c9hg3s,https://kana-task.web.app/calib?prod=1&wid=c9hg3s
138,s2gceg,https://kana-task.web.app/calib?prod=1&wid=s2gceg
139,vmqrps,https://kana-task.web.app/calib?prod=1&wid=vmqrps
140,fwdmdk,https://kana-task.web.app/calib?prod=1&wid=fwdmdk
141,qmnmvu,https://kana-task.web.app/calib?prod=1&wid=qmnmvu
142,t26s69,https://kana-task.web.app/calib?prod=1&wid=t26s69
143,ddw23c,https://kana-task.web.app/calib?prod=1&wid=ddw23c
144,jpfj42,https://kana-task.web.app/calib?prod=1&wid=jpfj42
145,kknqsj,https://kana-task.web.app/calib?prod=1&wid=kknqsj
146,7r46cp,https://kana-task.web.app/calib?prod=1&wid=7r46cp
147,2svajw,https://kana-task.web.app/calib?prod=1&wid=2svajw
148,k2nsvt,https://kana-task.web.app/calib?prod=1&wid=k2nsvt
149,7fkd3f,https://kana-task.web.app/calib?prod=1&wid=7fkd3f
150,engs37,https://kana-task.web.app/calib?prod=1&wid=engs37
151,nvauv9,https://kana-task.web.app/calib?prod=1&wid=nvauv9
152,8yeta4,https://kana-task.web.app/calib?prod=1&wid=8yeta4
153,hk7uhn,https://kana-task.web.app/calib?prod=1&wid=hk7uhn
154,hd3vd2,https://kana-task.web.app/calib?prod=1&wid=hd3vd2
155,jg5nrv,https://kana-task.web.app/calib?prod=1&wid=jg5nrv
156,y8pp85,https://kana-task.web.app/calib?prod=1&wid=y8pp85
157,xd8tnb,https://kana-task.web.app/calib?prod=1&wid=xd8tnb
158,ckzpvv,https://kana-task.web.app/calib?prod=1&wid=ckzpvv
159,849zh8,https://kana-task.web.app/calib?prod=1&wid=849zh8
160,53kee2,https://kana-task.web.app/calib?prod=1&wid=53kee2
161,kyxtgp,https://kana-task.web.app/calib?prod=1&wid=kyxtgp
162,b83gas,https://kana-task.web.app/calib?prod=1&wid=b83gas
163,f92ss3,https://kana-task.web.app/calib?prod=1&wid=f92ss3
164,znzsar,https://kana-task.web.app/calib?prod=1&wid=znzsar
165,uuc8qp,https://kana-task.web.app/calib?prod=1&wid=uuc8qp
166,fhp9ka,https://kana-task.web.app/calib?prod=1&wid=fhp9ka
167,6uzyh7,https://kana-task.web.app/calib?prod=1&wid=6uzyh7
168,hm7acs,https://kana-task.web.app/calib?prod=1&wid=hm7acs
169,9f23es,https://kana-task.web.app/calib?prod=1&wid=9f23es
170,34pk2a,https://kana-task.web.app/calib?prod=1&wid=34pk2a
171,fcyebr,https://kana-task.web.app/calib?prod=1&wid=fcyebr
172,kafz4v,https://kana-task.web.app/calib?prod=1&wid=kafz4v
173,3r75am,https://kana-task.web.app/calib?prod=1&wid=3r75am
174,s79ufd,https://kana-task.web.app/calib?prod=1&wid=s79ufd
175,b97rk4,https://kana-task.web.app/calib?prod=1&wid=b97rk4
176,d6mkwc,https://kana-task.web.app/calib?prod=1&wid=d6mkwc
177,d6a5m2,https://kana-task.web.app/calib?prod=1&wid=d6a5m2
178,53bs9x,https://kana-task.web.app/calib?prod=1&wid=53bs9x
179,3vxx5c,https://kana-task.web.app/calib?prod=1&wid=3vxx5c
180,qd5kya,https://kana-task.web.app/calib?prod=1&wid=qd5kya
181,22zvh6,https://kana-task.web.app/calib?prod=1&wid=22zvh6
182,4qvmg6,https://kana-task.web.app/calib?prod=1&wid=4qvmg6
183,8yf73q,https://kana-task.web.app/calib?prod=1&wid=8yf73q
184,62wurq,https://kana-task.web.app/calib?prod=1&wid=62wurq
185,weq9mp,https://kana-task.web.app/calib?prod=1&wid=weq9mp
186,q4qegr,https://kana-task.web.app/calib?prod=1&wid=q4qegr
187,g6m26m,https://kana-task.web.app/calib?prod=1&wid=g6m26m
188,nymbz3,https://kana-task.web.app/calib?prod=1&wid=nymbz3
189,nrtm2p,https://kana-task.web.app/calib?prod=1&wid=nrtm2p
190,38a9qz,https://kana-task.web.app/calib?prod=1&wid=38a9qz
191,z2atcw,https://kana-task.web.app/calib?prod=1&wid=z2atcw
192,yfa8ss,https://kana-task.web.app/calib?prod=1&wid=yfa8ss
193,97judq,https://kana-task.web.app/calib?prod=1&wid=97judq
194,rfut85,https://kana-task.web.app/calib?prod=1&wid=rfut85
195,gu66cu,https://kana-task.web.app/calib?prod=1&wid=gu66cu
196,qnza2n,https://kana-task.web.app/calib?prod=1&wid=qnza2n
197,c2sgzy,https://kana-task.web.app/calib?prod=1&wid=c2sgzy
198,mfyd2r,https://kana-task.web.app/calib?prod=1&wid=mfyd2r
199,p32zj8,https://kana-task.web.app/calib?prod=1&wid=p32zj8
200,4g5j75,https://kana-task.web.app/calib?prod=1&wid=4g5j75
201,ssjpd2,https://kana-task.web.app/calib?prod=1&wid=ssjpd2
202,e693f2,https://kana-task.web.app/calib?prod=1&wid=e693f2
203,hajetz,https://kana-task.web.app/calib?prod=1&wid=hajetz
204,a5qcj2,https://kana-task.web.app/calib?prod=1&wid=a5qcj2
205,nzy2gx,https://kana-task.web.app/calib?prod=1&wid=nzy2gx
206,wzhchf,https://kana-task.web.app/calib?prod=1&wid=wzhchf
207,9jqmjp,https://kana-task.web.app/calib?prod=1&wid=9jqmjp
208,5wq2ku,https://kana-task.web.app/calib?prod=1&wid=5wq2ku
209,4e28p4,https://kana-task.web.app/calib?prod=1&wid=4e28p4
210,4b3ute,https://kana-task.web.app/calib?prod=1&wid=4b3ute
211,y322v9,https://kana-task.web.app/calib?prod=1&wid=y322v9
212,aetzbt,https://kana-task.web.app/calib?prod=1&wid=aetzbt
213,xjvrwa,https://kana-task.web.app/calib?prod=1&wid=xjvrwa
214,wnudsp,https://kana-task.web.app/calib?prod=1&wid=wnudsp
215,a6qs9c,https://kana-task.web.app/calib?prod=1&wid=a6qs9c
216,759u5k,https://kana-task.web.app/calib?prod=1&wid=759u5k
217,wvfpha,https://kana-task.web.app/calib?prod=1&wid=wvfpha
218,ca2uap,https://kana-task.web.app/calib?prod=1&wid=ca2uap
219,zj39dp,https://kana-task.web.app/calib?prod=1&wid=zj39dp
220,746gmf,https://kana-task.web.app/calib?prod=1&wid=746gmf
221,9sz9ff,https://kana-task.web.app/calib?prod=1&wid=9sz9ff
222,jp3rmj,https://kana-task.web.app/calib?prod=1&wid=jp3rmj
223,qy555z,https://kana-task.web.app/calib?prod=1&wid=qy555z
224,zt5jxc,https://kana-task.web.app/calib?prod=1&wid=zt5jxc
225,padjyj,https://kana-task.web.app/calib?prod=1&wid=padjyj
226,a9d6cq,https://kana-task.web.app/calib?prod=1&wid=a9d6cq
227,5gccuk,https://kana-task.web.app/calib?prod=1&wid=5gccuk
228,2yhsey,https://kana-task.web.app/calib?prod=1&wid=2yhsey
229,mg3gwq,https://kana-task.web.app/calib?prod=1&wid=mg3gwq
230,k2ttdg,https://kana-task.web.app/calib?prod=1&wid=k2ttdg
231,tcqe4q,https://kana-task.web.app/calib?prod=1&wid=tcqe4q
232,w26tp5,https://kana-task.web.app/calib?prod=1&wid=w26tp5
233,vfr63t,https://kana-task.web.app/calib?prod=1&wid=vfr63t
234,fnwvgc,https://kana-task.web.app/calib?prod=1&wid=fnwvgc
235,9cd7fm,https://kana-task.web.app/calib?prod=1&wid=9cd7fm
236,mktztw,https://kana-task.web.app/calib?prod=1&wid=mktztw
237,9k6dqu,https://kana-task.web.app/calib?prod=1&wid=9k6dqu
238,cd42kj,https://kana-task.web.app/calib?prod=1&wid=cd42kj
239,z84tfr,https://kana-task.web.app/calib?prod=1&wid=z84tfr
240,ymqsup,https://kana-task.web.app/calib?prod=1&wid=ymqsup
241,tepma2,https://kana-task.web.app/calib?prod=1&wid=tepma2
242,g43u6b,https://kana-task.web.app/calib?prod=1&wid=g43u6b
243,mh4c5m,https://kana-task.web.app/calib?prod=1&wid=mh4c5m
244,k9xc6y,https://kana-task.web.app/calib?prod=1&wid=k9xc6y
245,wrtbj8,https://kana-task.web.app/calib?prod=1&wid=wrtbj8
246,apvegd,https://kana-task.web.app/calib?prod=1&wid=apvegd
247,drfmr9,https://kana-task.web.app/calib?prod=1&wid=drfmr9
248,zn5fsy,https://kana-task.web.app/calib?prod=1&wid=zn5fsy
249,7yk3p4,https://kana-task.web.app/calib?prod=1&wid=7yk3p4
250,bycpjd,https://kana-task.web.app/calib?prod=1&wid=bycpjd
251,7smzpz,https://kana-task.web.app/calib?prod=1&wid=7smzpz
252,b5f668,https://kana-task.web.app/calib?prod=1&wid=b5f668
253,sdafbg,https://kana-task.web.app/calib?prod=1&wid=sdafbg
